Covid,Covid,PROPN,NNP,nmod,Xxxxx,True,False
19,19,NUM,CD,nummod,dd,False,False
Delta,Delta,PROPN,NNP,dobj,Xxxxx,True,False
outbreak,outbreak,NOUN,NN,ROOT,xxxx,True,False
:,:,PUNCT,:,punct,:,False,False
Alert,alert,ADJ,JJ,amod,Xxxxx,True,False
level,level,NOUN,NN,compound,xxxx,True,False
review,review,NOUN,NN,appos,xxxx,True,False
on,on,ADP,IN,prep,xx,True,True
way,way,NOUN,NN,pobj,xxx,True,False
with,with,ADP,IN,prep,xxxx,True,True
new,new,ADJ,JJ,amod,xxx,True,False
vaccine,vaccine,NOUN,NN,compound,xxxx,True,False
passport,passport,NOUN,NN,compound,xxxx,True,False
-,-,PUNCT,HYPH,punct,-,False,False
Deputy,Deputy,PROPN,NNP,compound,Xxxxx,True,False
Prime,Prime,PROPN,NNP,compound,Xxxxx,True,False
Minister,Minister,PROPN,NNP,compound,Xxxxx,True,False
Grant,Grant,PROPN,NNP,compound,Xxxxx,True,False
Robertson,Robertson,PROPN,NNP,pobj,Xxxxx,True,False
.,.,PUNCT,.,punct,.,False,False

,
,SPACE,_SP,dep,
,False,False
September,September,PROPN,NNP,npadvmod,Xxxxx,True,False,2024-09-01 TO 2024-09-30
27,27,NUM,CD,nummod,dd,False,False,2024-04-27
2021,2021,NUM,CD,nummod,dddd,False,False,2021
There,there,PRON,EX,expl,Xxxxx,True,True
are,be,VERB,VBP,ROOT,xxx,True,True
12,12,NUM,CD,nummod,dd,False,False
new,new,ADJ,JJ,amod,xxx,True,False
cases,case,NOUN,NNS,attr,xxxx,True,False
of,of,ADP,IN,prep,xx,True,True
Covid-19,Covid-19,PROPN,NNP,pobj,Xxxxx-dd,False,False
in,in,ADP,IN,prep,xx,True,True
the,the,DET,DT,det,xxx,True,True
community,community,NOUN,NN,pobj,xxxx,True,False
today,today,NOUN,NN,npadvmod,xxxx,True,False,2024-04-09
.,.,PUNCT,.,punct,.,False,False
The,the,DET,DT,det,Xxx,True,True
seven,seven,NUM,CD,nummod,xxxx,True,False,seven
-,-,PUNCT,HYPH,punct,-,False,False,-
day,day,NOUN,NN,compound,xxx,True,False,day
rolling,rolling,NOUN,NN,amod,xxxx,True,False
average,average,NOUN,NN,nsubj,xxxx,True,False
of,of,ADP,IN,prep,xx,True,True
Covid,covid,ADJ,JJ,amod,Xxxxx,True,False
cases,case,NOUN,NNS,pobj,xxxx,True,False
in,in,ADP,IN,prep,xx,True,True
NZ,NZ,PROPN,NNP,pobj,XX,True,False
is,be,AUX,VBZ,ROOT,xx,True,True
now,now,ADV,RB,advmod,xxx,True,True
15,15,NUM,CD,attr,dd,False,False,2024-04-15
,,,,PUNCT,,,punct,,,False,False
compared,compare,VERB,VBN,prep,xxxx,True,False
with,with,ADP,IN,prep,xxxx,True,True
17,17,NUM,CD,nummod,dd,False,False,2024-04-17
last,last,ADJ,JJ,amod,xxxx,True,True,last
week,week,NOUN,NN,pobj,xxxx,True,False,week
and,and,CCONJ,CC,cc,xxx,True,True
19,19,NUM,CD,conj,dd,False,False,2024-04-19
the,the,DET,DT,det,xxx,True,True,the
week,week,NOUN,NN,npadvmod,xxxx,True,False,week
before,before,ADV,RB,advmod,xxxx,True,True,before
.,.,PUNCT,.,punct,.,False,False

,
,SPACE,_SP,dep,
,False,False
The,the,DET,DT,det,Xxx,True,True
Government,Government,PROPN,NNP,nsubj,Xxxxx,True,False
is,be,AUX,VBZ,aux,xx,True,True
reviewing,review,VERB,VBG,ROOT,xxxx,True,False
its,its,PRON,PRP$,poss,xxx,True,True
alert,alert,ADJ,JJ,amod,xxxx,True,False
-,-,PUNCT,HYPH,punct,-,False,False
level,level,NOUN,NN,compound,xxxx,True,False
system,system,NOUN,NN,nmod,xxxx,True,False
-,-,PUNCT,:,punct,-,False,False
and,and,CCONJ,CC,cc,xxx,True,True
broader,broad,ADJ,JJR,conj,xxxx,True,False
freedoms,freedom,NOUN,NNS,dobj,xxxx,True,False
-,-,PUNCT,:,punct,-,False,False
as,as,SCONJ,IN,mark,xx,True,True
more,more,ADJ,JJR,amod,xxxx,True,True
Kiwis,Kiwis,PROPN,NNP,nsubjpass,Xxxxx,True,False
get,get,AUX,VBP,auxpass,xxx,True,True
vaccinated,vaccinate,VERB,VBN,advcl,xxxx,True,False
and,and,CCONJ,CC,cc,xxx,True,True
with,with,ADP,IN,prep,xxxx,True,True
a,a,DET,DT,det,x,True,True
new,new,ADJ,JJ,amod,xxx,True,False
vaccine,vaccine,NOUN,NN,compound,xxxx,True,False
passport,passport,NOUN,NN,pobj,xxxx,True,False
on,on,ADP,IN,prep,xx,True,True
the,the,DET,DT,det,xxx,True,True
way,way,NOUN,NN,pobj,xxx,True,False
.,.,PUNCT,.,punct,.,False,False

,
,SPACE,_SP,dep,
,False,False
Deputy,Deputy,PROPN,NNP,compound,Xxxxx,True,False
Prime,Prime,PROPN,NNP,compound,Xxxxx,True,False
Minister,Minister,PROPN,NNP,compound,Xxxxx,True,False
Grant,Grant,PROPN,NNP,compound,Xxxxx,True,False
Robertson,Robertson,PROPN,NNP,nsubj,Xxxxx,True,False
said,say,VERB,VBD,ROOT,xxxx,True,False
the,the,DET,DT,det,xxx,True,True
Government,Government,PROPN,NNP,nsubj,Xxxxx,True,False
was,be,AUX,VBD,aux,xxx,True,True
updating,update,VERB,VBG,ccomp,xxxx,True,False
its,its,PRON,PRP$,poss,xxx,True,True
work,work,NOUN,NN,dobj,xxxx,True,False
around,around,ADP,IN,prep,xxxx,True,True
the,the,DET,DT,det,xxx,True,True
alert,alert,ADJ,JJ,amod,xxxx,True,False
-,-,PUNCT,HYPH,punct,-,False,False
level,level,NOUN,NN,compound,xxxx,True,False
framework,framework,NOUN,NN,pobj,xxxx,True,False
on,on,ADP,IN,prep,xx,True,True
the,the,DET,DT,det,xxx,True,True
basis,basis,NOUN,NN,pobj,xxxx,True,False
it,it,PRON,PRP,nsubj,xx,True,True
had,have,AUX,VBD,aux,xxx,True,True
seen,see,VERB,VBN,ccomp,xxxx,True,False
a,a,DET,DT,det,x,True,True
terrific,terrific,ADJ,JJ,amod,xxxx,True,False
response,response,NOUN,NN,dobj,xxxx,True,False
to,to,ADP,IN,prep,xx,True,True
vaccination,vaccination,NOUN,NN,pobj,xxxx,True,False
.,.,PUNCT,.,punct,.,False,False

,
,SPACE,_SP,dep,
,False,False
",",PUNCT,``,punct,",False,False
We,we,PRON,PRP,nsubj,Xx,True,True
want,want,VERB,VBP,ccomp,xxxx,True,False
to,to,PART,TO,aux,xx,True,True
push,push,VERB,VB,xcomp,xxxx,True,False
on,on,ADP,RP,prt,xx,True,True
90,90,NUM,CD,nummod,dd,False,False
per,per,ADP,IN,compound,xxx,True,True
cent,cent,NOUN,NN,dobj,xxxx,True,False
plus,plus,CCONJ,CC,advmod,xxxx,True,False
,,,,PUNCT,,,punct,,,False,False
keep,keep,VERB,VBP,conj,xxxx,True,True
moving,move,VERB,VBG,xcomp,xxxx,True,False
and,and,CCONJ,CC,cc,xxx,True,True
open,open,VERB,VB,conj,xxxx,True,False
up,up,ADP,RP,prt,xx,True,True
a,a,DET,DT,det,x,True,True
whole,whole,ADJ,JJ,amod,xxxx,True,True
range,range,NOUN,NN,dobj,xxxx,True,False
of,of,ADP,IN,prep,xx,True,True
options,option,NOUN,NNS,pobj,xxxx,True,False
for,for,ADP,IN,prep,xxx,True,True
ourselves,ourselves,PRON,PRP,pobj,xxxx,True,True
in,in,ADP,IN,prep,xx,True,True
the,the,DET,DT,det,xxx,True,True
face,face,NOUN,NN,pobj,xxxx,True,False
of,of,ADP,IN,prep,xx,True,True
Delta,Delta,PROPN,NNP,pobj,Xxxxx,True,False
,,,,PUNCT,,,punct,,,False,False
",",PUNCT,'',punct,",False,False
Robertson,Robertson,PROPN,NNP,nsubj,Xxxxx,True,False
told,tell,VERB,VBD,ROOT,xxxx,True,False
The,the,DET,DT,det,Xxx,True,True
AM,AM,PROPN,NNP,compound,XX,True,True
Show,Show,PROPN,NNP,dobj,Xxxx,True,True
today,today,NOUN,NN,npadvmod,xxxx,True,False,2024-04-09
.,.,PUNCT,.,punct,.,False,False

,
,SPACE,_SP,dep,
,False,False
In,in,ADP,IN,prep,Xx,True,True
early,early,ADJ,JJ,amod,xxxx,True,False,early
November,November,PROPN,NNP,pobj,Xxxxx,True,False,2024-11-01 TO 2024-11-30
there,there,PRON,EX,expl,xxxx,True,True
should,should,AUX,MD,aux,xxxx,True,True
be,be,AUX,VB,ROOT,xx,True,True
a,a,DET,DT,det,x,True,True
vaccine,vaccine,NOUN,NN,compound,xxxx,True,False
passport,passport,NOUN,NN,attr,xxxx,True,False
that,that,PRON,WDT,nsubjpass,xxxx,True,True
could,could,AUX,MD,aux,xxxx,True,True
be,be,AUX,VB,auxpass,xx,True,True
downloaded,download,VERB,VBN,relcl,xxxx,True,False
on,on,ADP,IN,prep,xx,True,True
people,people,NOUN,NNS,poss,xxxx,True,False
's,'s,PART,POS,case,'x,False,True
phones,phone,NOUN,NNS,pobj,xxxx,True,False
.,.,PUNCT,.,punct,.,False,False

,
,SPACE,_SP,dep,
,False,False
The,the,DET,DT,det,Xxx,True,True
app,app,NOUN,NN,nsubjpass,xxx,True,False
was,be,AUX,VBD,aux,xxx,True,True
being,be,AUX,VBG,auxpass,xxxx,True,True
managed,manage,VERB,VBN,ROOT,xxxx,True,False
by,by,ADP,IN,agent,xx,True,True
the,the,DET,DT,det,xxx,True,True
Ministry,Ministry,PROPN,NNP,pobj,Xxxxx,True,False
of,of,ADP,IN,prep,xx,True,True
Health,Health,PROPN,NNP,pobj,Xxxxx,True,False
which,which,PRON,WDT,nsubj,xxxx,True,True
was,be,AUX,VBD,aux,xxx,True,True
working,work,VERB,VBG,ccomp,xxxx,True,False
with,with,ADP,IN,prep,xxxx,True,True
private,private,ADJ,JJ,amod,xxxx,True,False
providers,provider,NOUN,NNS,pobj,xxxx,True,False
to,to,PART,TO,aux,xx,True,True
develop,develop,VERB,VB,advcl,xxxx,True,False
it,it,PRON,PRP,dobj,xx,True,True
.,.,PUNCT,.,punct,.,False,False

,
,SPACE,_SP,dep,
,False,False
Work,Work,PROPN,NNP,nsubj,Xxxx,True,False
was,be,AUX,VBD,ROOT,xxx,True,True
now,now,ADV,RB,advmod,xxx,True,True
under,under,ADP,IN,prep,xxxx,True,True
way,way,NOUN,NN,pobj,xxx,True,False
of,of,ADP,IN,prep,xx,True,True
what,what,PRON,WP,pobj,xxxx,True,True
an,an,DET,DT,det,xx,True,True
alert,alert,ADJ,JJ,amod,xxxx,True,False
level,level,NOUN,NN,compound,xxxx,True,False
framework,framework,NOUN,NN,nsubj,xxxx,True,False
would,would,AUX,MD,aux,xxxx,True,True
look,look,VERB,VB,pcomp,xxxx,True,False
like,like,ADP,IN,prep,xxxx,True,False
with,with,ADP,IN,prep,xxxx,True,True
a,a,DET,DT,det,x,True,True
vaccine,vaccine,NOUN,NN,compound,xxxx,True,False
passport,passport,NOUN,NN,nsubj,xxxx,True,False
and,and,CCONJ,CC,cc,xxx,True,True
announcements,announcement,NOUN,NNS,conj,xxxx,True,False
including,include,VERB,VBG,prep,xxxx,True,False
requirements,requirement,NOUN,NNS,pobj,xxxx,True,False
for,for,ADP,IN,prep,xxx,True,True
it,it,PRON,PRP,pobj,xx,True,True
would,would,AUX,MD,aux,xxxx,True,True
be,be,AUX,VB,conj,xx,True,True
likely,likely,ADJ,JJ,acomp,xxxx,True,False
in,in,ADP,IN,prep,xx,True,True
the,the,DET,DT,det,xxx,True,True,the
next,next,ADJ,JJ,amod,xxxx,True,True,next
few,few,ADJ,JJ,amod,xxx,True,True,few
weeks,week,NOUN,NNS,pobj,xxxx,True,False,weeks
.,.,PUNCT,.,punct,.,False,False

,
,SPACE,_SP,dep,
,False,False
Act,Act,PROPN,NNP,compound,Xxx,True,False
Party,Party,PROPN,NNP,compound,Xxxxx,True,False
leader,leader,NOUN,NN,compound,xxxx,True,False
David,David,PROPN,NNP,compound,Xxxxx,True,False
Seymour,Seymour,PROPN,NNP,nsubj,Xxxxx,True,False
told,tell,VERB,VBD,ROOT,xxxx,True,False
Newstalk,Newstalk,PROPN,NNP,compound,Xxxxx,True,False
ZB,ZB,PROPN,NNP,poss,XX,True,False
's,'s,PART,POS,case,'x,False,True
Mike,Mike,PROPN,NNP,compound,Xxxx,True,False
Hosking,Hosking,PROPN,NNP,dobj,Xxxxx,True,False
that,that,PRON,DT,mark,xxxx,True,True
Level,level,NOUN,NN,nsubjpass,Xxxxx,True,False
4,4,NUM,CD,nummod,d,False,False
would,would,AUX,MD,aux,xxxx,True,True
be,be,AUX,VB,auxpass,xx,True,True
gone,go,VERB,VBN,ccomp,xxxx,True,False
in,in,ADP,IN,prep,xx,True,True
its,its,PRON,PRP$,poss,xxx,True,True
Covid,covid,ADJ,JJ,amod,Xxxxx,True,False
package,package,NOUN,NN,pobj,xxxx,True,False
revealed,reveal,VERB,VBD,ccomp,xxxx,True,False
today,today,NOUN,NN,npadvmod,xxxx,True,False,2024-04-09
.,.,PUNCT,.,punct,.,False,False
",",PUNCT,``,punct,",False,False
We,we,PRON,PRP,nsubj,Xx,True,True
need,need,VERB,VBP,ROOT,xxxx,True,False
to,to,PART,TO,aux,xx,True,True
start,start,VERB,VB,xcomp,xxxx,True,False
using,use,VERB,VBG,xcomp,xxxx,True,True
isolation,isolation,NOUN,NN,dobj,xxxx,True,False
in,in,ADP,IN,prep,xx,True,True
a,a,DET,DT,det,x,True,True
targeted,targeted,ADJ,JJ,amod,xxxx,True,False
way,way,NOUN,NN,pobj,xxx,True,False
.,.,PUNCT,.,punct,.,False,False
The,the,DET,DT,det,Xxx,True,True
costs,cost,NOUN,NNS,nsubj,xxxx,True,False
and,and,CCONJ,CC,cc,xxx,True,True
benefits,benefit,NOUN,NNS,conj,xxxx,True,False
of,of,ADP,IN,prep,xx,True,True
isolating,isolate,VERB,VBG,pcomp,xxxx,True,False
a,a,DET,DT,det,x,True,True
whole,whole,ADJ,JJ,amod,xxxx,True,True
city,city,NOUN,NN,dobj,xxxx,True,False
do,do,AUX,VBP,aux,xx,True,True
n't,not,PART,RB,neg,x'x,False,True
stack,stack,VERB,VB,ROOT,xxxx,True,False
up,up,ADP,RP,prt,xx,True,True
with,with,ADP,IN,prep,xxxx,True,True
Delta,Delta,PROPN,NNP,pobj,Xxxxx,True,False
.,.,PUNCT,.,punct,.,False,False
",",PUNCT,'',punct,",False,False

,
,SPACE,_SP,dep,
,False,False
He,he,PRON,PRP,nsubj,Xx,True,True
said,say,VERB,VBD,ROOT,xxxx,True,False
isolation,isolation,NOUN,NN,nsubjpass,xxxx,True,False
should,should,AUX,MD,aux,xxxx,True,True
be,be,AUX,VB,auxpass,xx,True,True
reserved,reserve,VERB,VBN,ccomp,xxxx,True,False
for,for,ADP,IN,prep,xxx,True,True
people,people,NOUN,NNS,pobj,xxxx,True,False
who,who,PRON,WP,nsubj,xxx,True,True
had,have,AUX,VBD,aux,xxx,True,True
recently,recently,ADV,RB,advmod,xxxx,True,False
arrived,arrive,VERB,VBN,relcl,xxxx,True,False
in,in,ADP,IN,prep,xx,True,True
New,New,PROPN,NNP,compound,Xxx,True,False
Zealand,Zealand,PROPN,NNP,pobj,Xxxxx,True,False
and,and,CCONJ,CC,cc,xxx,True,True
there,there,PRON,EX,expl,xxxx,True,True
would,would,AUX,MD,aux,xxxx,True,True
be,be,AUX,VB,conj,xx,True,True
an,an,DET,DT,det,xx,True,True
end,end,NOUN,NN,attr,xxx,True,False
to,to,ADP,IN,prep,xx,True,True
MIQ,MIQ,PROPN,NNP,compound,XXX,True,False
-,-,PUNCT,HYPH,punct,-,False,False
people,people,NOUN,NNS,pobj,xxxx,True,False
could,could,AUX,MD,aux,xxxx,True,True
instead,instead,ADV,RB,advmod,xxxx,True,False
do,do,VERB,VB,ccomp,xx,True,True
it,it,PRON,PRP,dobj,xx,True,True
at,at,ADP,IN,prep,xx,True,True
home,home,NOUN,NN,pobj,xxxx,True,False
.,.,PUNCT,.,punct,.,False,False

,
,SPACE,_SP,dep,
,False,False
Robertson,Robertson,PROPN,NNP,nsubj,Xxxxx,True,False
said,say,VERB,VBD,ROOT,xxxx,True,False
today,today,NOUN,NN,npadvmod,xxxx,True,False,2024-04-09
that,that,SCONJ,IN,mark,xxxx,True,True
public,public,ADJ,JJ,amod,xxxx,True,False
health,health,NOUN,NN,compound,xxxx,True,False
officials,official,NOUN,NNS,nsubj,xxxx,True,False
were,be,AUX,VBD,ccomp,xxxx,True,True
confident,confident,ADJ,JJ,acomp,xxxx,True,False
about,about,ADP,IN,prep,xxxx,True,True
the,the,DET,DT,det,xxx,True,True
situation,situation,NOUN,NN,pobj,xxxx,True,False
of,of,ADP,IN,prep,xx,True,True
the,the,DET,DT,det,xxx,True,True
Covid,covid,ADJ,JJ,amod,Xxxxx,True,False
outbreak,outbreak,NOUN,NN,pobj,xxxx,True,False
in,in,ADP,IN,prep,xx,True,True
Auckland,Auckland,PROPN,NNP,pobj,Xxxxx,True,False
.,.,PUNCT,.,punct,.,False,False

,
,SPACE,_SP,dep,
,False,False
He,he,PRON,PRP,nsubj,Xx,True,True
acknowledged,acknowledge,VERB,VBD,ROOT,xxxx,True,False
that,that,SCONJ,IN,mark,xxxx,True,True
a,a,DET,DT,det,x,True,True
lot,lot,NOUN,NN,nsubj,xxx,True,False
of,of,ADP,IN,prep,xx,True,True
the,the,DET,DT,det,xxx,True,True
cases,case,NOUN,NNS,pobj,xxxx,True,False
were,be,AUX,VBD,ccomp,xxxx,True,True
household,household,NOUN,NN,compound,xxxx,True,False
contacts,contact,NOUN,NNS,attr,xxxx,True,False
.,.,PUNCT,.,punct,.,False,False

,
,SPACE,_SP,dep,
,False,False
",",PUNCT,``,punct,",False,False
We,we,PRON,PRP,nsubj,Xx,True,True
're,be,AUX,VBP,aux,'xx,False,True
feeling,feel,VERB,VBG,ccomp,xxxx,True,False
positive,positive,ADJ,JJ,acomp,xxxx,True,False
about,about,ADP,IN,prep,xxxx,True,True
the,the,DET,DT,det,xxx,True,True
direction,direction,NOUN,NN,pobj,xxxx,True,False
of,of,ADP,IN,prep,xx,True,True
travel,travel,NOUN,NN,pobj,xxxx,True,False
,,,,PUNCT,,,punct,,,False,False
but,but,CCONJ,CC,cc,xxx,True,True
as,as,SCONJ,IN,mark,xx,True,True
we,we,PRON,PRP,nsubj,xx,True,True
've,have,AUX,VBP,aux,'xx,False,True
said,say,VERB,VBN,advcl,xxxx,True,False
before,before,ADV,RB,advmod,xxxx,True,True
,,,,PUNCT,,,punct,,,False,False
there,there,PRON,EX,expl,xxxx,True,True
's,be,VERB,VBZ,conj,'x,False,True
a,a,DET,DT,det,x,True,True
long,long,ADJ,JJ,amod,xxxx,True,False
tail,tail,NOUN,NN,attr,xxxx,True,False
with,with,ADP,IN,prep,xxxx,True,True
Delta,Delta,PROPN,NNP,pobj,Xxxxx,True,False
and,and,CCONJ,CC,cc,xxx,True,True
that,that,PRON,DT,nsubj,xxxx,True,True
's,be,AUX,VBZ,conj,'x,False,True
what,what,PRON,WP,dobj,xxxx,True,True
we,we,PRON,PRP,nsubj,xx,True,True
're,be,AUX,VBP,aux,'xx,False,True
experiencing,experience,VERB,VBG,ccomp,xxxx,True,False
now,now,ADV,RB,advmod,xxx,True,True
,,,,PUNCT,,,punct,,,False,False
",",PUNCT,'',punct,",False,False
he,he,PRON,PRP,nsubj,xx,True,True
told,tell,VERB,VBD,ROOT,xxxx,True,False
TVNZ,TVNZ,PROPN,NNP,poss,XXXX,True,False
's,'s,PART,POS,case,'x,False,True
Breakfast,Breakfast,PROPN,NNP,dobj,Xxxxx,True,False
.,.,PUNCT,.,punct,.,False,False

,
,SPACE,_SP,dep,
,False,False
Robertson,Robertson,PROPN,NNP,nsubj,Xxxxx,True,False
said,say,VERB,VBD,ROOT,xxxx,True,False
the,the,DET,DT,det,xxx,True,True
Government,Government,PROPN,NNP,nsubj,Xxxxx,True,False
would,would,AUX,MD,aux,xxxx,True,True
not,not,PART,RB,neg,xxx,True,True
be,be,AUX,VB,aux,xx,True,True
making,make,VERB,VBG,ccomp,xxxx,True,False
vaccinations,vaccination,NOUN,NNS,nsubj,xxxx,True,False
mandatory,mandatory,ADJ,JJ,ccomp,xxxx,True,False
.,.,PUNCT,.,punct,.,False,False
",",PUNCT,``,punct,",False,False
The,the,DET,DT,det,Xxx,True,True
idea,idea,NOUN,NN,nsubj,xxxx,True,False
that,that,SCONJ,IN,mark,xxxx,True,True
we,we,PRON,PRP,nsubj,xx,True,True
would,would,AUX,MD,aux,xxxx,True,True
go,go,VERB,VB,acl,xx,True,True
to,to,ADP,IN,prep,xx,True,True
a,a,DET,DT,det,x,True,True
compulsory,compulsory,ADJ,JJ,amod,xxxx,True,False
vaccination,vaccination,NOUN,NN,pobj,xxxx,True,False
goes,go,VERB,VBZ,ROOT,xxxx,True,False
I,I,PRON,PRP,nsubj,X,True,True
think,think,VERB,VBP,parataxis,xxxx,True,False
well,well,ADV,RB,advmod,xxxx,True,True
beyond,beyond,ADP,IN,prep,xxxx,True,True

,
,SPACE,_SP,dep,
,False,False
where,where,SCONJ,WRB,advmod,xxxx,True,True
New,New,PROPN,NNP,compound,Xxx,True,False
Zealand,Zealand,PROPN,NNP,nsubj,Xxxxx,True,False
has,have,AUX,VBZ,aux,xxx,True,True
ever,ever,ADV,RB,advmod,xxxx,True,True
been,be,AUX,VBN,pcomp,xxxx,True,True
in,in,ADP,IN,prep,xx,True,True
this,this,DET,DT,det,xxxx,True,True
regard,regard,NOUN,NN,pobj,xxxx,True,False
.,.,PUNCT,.,punct,.,False,False
",",PUNCT,'',punct,",False,False

,
,SPACE,_SP,dep,
,False,False
New,New,PROPN,NNP,compound,Xxx,True,False
Zealand,Zealand,PROPN,NNP,nsubj,Xxxxx,True,False
was,be,AUX,VBD,aux,xxx,True,True
doing,do,VERB,VBG,ROOT,xxxx,True,True
well,well,ADV,RB,advmod,xxxx,True,True
enough,enough,ADV,RB,advmod,xxxx,True,True
going,go,VERB,VBG,advcl,xxxx,True,False
without,without,ADP,IN,prep,xxxx,True,True
a,a,DET,DT,det,x,True,True
mandatory,mandatory,ADJ,JJ,amod,xxxx,True,False
vaccination,vaccination,NOUN,NN,compound,xxxx,True,False
rule,rule,NOUN,NN,pobj,xxxx,True,False
.,.,PUNCT,.,punct,.,False,False

,
,SPACE,_SP,dep,
,False,False
Robertson,Robertson,PROPN,NNP,nsubj,Xxxxx,True,False
said,say,VERB,VBD,ROOT,xxxx,True,False
the,the,DET,DT,det,xxx,True,True
mandatory,mandatory,ADJ,JJ,amod,xxxx,True,False
vaccination,vaccination,NOUN,NN,compound,xxxx,True,False
rule,rule,NOUN,NN,nsubj,xxxx,True,False
would,would,AUX,MD,aux,xxxx,True,True
be,be,AUX,VB,ccomp,xx,True,True
very,very,ADV,RB,advmod,xxxx,True,True
unpopular,unpopular,ADJ,JJ,acomp,xxxx,True,False
among,among,ADP,IN,prep,xxxx,True,True
Kiwis,Kiwis,PROPN,NNP,pobj,Xxxxx,True,False
and,and,CCONJ,CC,cc,xxx,True,True
would,would,AUX,MD,aux,xxxx,True,True
present,present,VERB,VB,conj,xxxx,True,False
human,human,ADJ,JJ,amod,xxxx,True,False
rights,right,NOUN,NNS,compound,xxxx,True,False
issues,issue,NOUN,NNS,dobj,xxxx,True,False
.,.,PUNCT,.,punct,.,False,False

,
,SPACE,_SP,dep,
,False,False
The,the,DET,DT,det,Xxx,True,True
way,way,NOUN,NN,nsubj,xxx,True,False
to,to,PART,TO,aux,xx,True,True
get,get,VERB,VB,relcl,xxx,True,True
vaccination,vaccination,NOUN,NN,compound,xxxx,True,False
rates,rate,NOUN,NNS,dobj,xxxx,True,False
up,up,ADP,RP,prt,xx,True,True
would,would,AUX,MD,aux,xxxx,True,True
include,include,VERB,VB,ROOT,xxxx,True,False
ongoing,ongoing,ADJ,JJ,amod,xxxx,True,False
initiatives,initiative,NOUN,NNS,dobj,xxxx,True,False
already,already,ADV,RB,advmod,xxxx,True,True
being,be,AUX,VBG,auxpass,xxxx,True,True
seen,see,VERB,VBN,acl,xxxx,True,False
in,in,ADP,IN,prep,xx,True,True
the,the,DET,DT,det,xxx,True,True
community,community,NOUN,NN,pobj,xxxx,True,False
-,-,PUNCT,:,punct,-,False,False
including,include,VERB,VBG,prep,xxxx,True,False
the,the,DET,DT,det,xxx,True,True
new,new,ADJ,JJ,amod,xxx,True,False
vaccination,vaccination,NOUN,NN,compound,xxxx,True,False
buses,bus,NOUN,NNS,pobj,xxxx,True,False
and,and,CCONJ,CC,cc,xxx,True,True
Māori,Māori,PROPN,NNP,npadvmod,Xxxxx,True,False
and,and,CCONJ,CC,cc,xxx,True,True
Pasifika,Pasifika,PROPN,NNP,conj,Xxxxx,True,False
-,-,PUNCT,HYPH,punct,-,False,False
led,lead,VERB,VBN,amod,xxx,True,False
vaccination,vaccination,NOUN,NN,compound,xxxx,True,False
hubs,hub,NOUN,NNS,conj,xxxx,True,False
-,-,PUNCT,:,punct,-,False,False
as,as,ADV,RB,advmod,xx,True,True
well,well,ADV,RB,advmod,xxxx,True,True
as,as,ADP,IN,cc,xx,True,True
ordinary,ordinary,ADJ,JJ,amod,xxxx,True,False
people,people,NOUN,NNS,conj,xxxx,True,False
helping,help,VERB,VBG,acl,xxxx,True,False
those,those,PRON,DT,dobj,xxxx,True,True
in,in,ADP,IN,prep,xx,True,True
their,their,PRON,PRP$,poss,xxxx,True,True
own,own,ADJ,JJ,amod,xxx,True,True
families,family,NOUN,NNS,pobj,xxxx,True,False
who,who,PRON,WP,nsubj,xxx,True,True
may,may,AUX,MD,aux,xxx,True,True
still,still,ADV,RB,advmod,xxxx,True,True
be,be,AUX,VB,relcl,xx,True,True
hesitant,hesitant,ADJ,JJ,acomp,xxxx,True,False
about,about,ADP,IN,prep,xxxx,True,True
getting,get,VERB,VBG,pcomp,xxxx,True,False
the,the,DET,DT,det,xxx,True,True
jab,jab,NOUN,NN,dobj,xxx,True,False
.,.,PUNCT,.,punct,.,False,False

,
,SPACE,_SP,dep,
,False,False
",",PUNCT,``,punct,",False,False
I,I,PRON,PRP,nsubj,X,True,True
think,think,VERB,VBP,ccomp,xxxx,True,False
this,this,PRON,DT,nsubj,xxxx,True,True
is,be,AUX,VBZ,ccomp,xx,True,True
the,the,DET,DT,det,xxx,True,True
bit,bit,NOUN,NN,attr,xxx,True,False
where,where,SCONJ,WRB,advmod,xxxx,True,True
every,every,DET,DT,det,xxxx,True,True
single,single,ADJ,JJ,amod,xxxx,True,False
one,one,NUM,CD,nsubj,xxx,True,True
of,of,ADP,IN,prep,xx,True,True
us,we,PRON,PRP,pobj,xx,True,True
has,have,VERB,VBZ,relcl,xxx,True,True
a,a,DET,DT,det,x,True,True
responsibility,responsibility,NOUN,NN,dobj,xxxx,True,False
,,,,PUNCT,,,punct,,,False,False
",",PUNCT,'',punct,",False,False
he,he,PRON,PRP,nsubj,xx,True,True
said,say,VERB,VBD,ROOT,xxxx,True,False
.,.,PUNCT,.,punct,.,False,False
",",PUNCT,``,punct,",False,False
Sit,sit,VERB,VB,ROOT,Xxx,True,False
down,down,ADP,RP,prt,xxxx,True,True
and,and,CCONJ,CC,cc,xxx,True,True
have,have,VERB,VBP,conj,xxxx,True,True
that,that,DET,DT,det,xxxx,True,True
conversation,conversation,NOUN,NN,dobj,xxxx,True,False
with,with,ADP,IN,prep,xxxx,True,True
the,the,DET,DT,det,xxx,True,True
person,person,NOUN,NN,pobj,xxxx,True,False
in,in,ADP,IN,prep,xx,True,True
our,our,PRON,PRP$,poss,xxx,True,True
lives,life,NOUN,NNS,pobj,xxxx,True,False
who,who,PRON,WP,nsubj,xxx,True,True
's,be,AUX,VBZ,ccomp,'x,False,True
maybe,maybe,ADV,RB,advmod,xxxx,True,False
a,a,DET,DT,det,x,True,True
little,little,ADJ,JJ,amod,xxxx,True,False
hesitant,hesitant,NOUN,NN,attr,xxxx,True,False
...,...,PUNCT,:,punct,...,False,False
who,who,PRON,WP,nsubj,xxx,True,True
is,be,AUX,VBZ,ccomp,xx,True,True
just,just,ADV,RB,advmod,xxxx,True,True
a,a,DET,DT,det,x,True,True
bit,bit,NOUN,NN,npadvmod,xxx,True,False
worried,worried,ADJ,JJ,acomp,xxxx,True,False
and,and,CCONJ,CC,cc,xxx,True,True
a,a,DET,DT,det,x,True,True
bit,bit,NOUN,NN,npadvmod,xxx,True,False
confused,confused,ADJ,JJ,conj,xxxx,True,False
about,about,ADP,IN,prep,xxxx,True,True
some,some,DET,DT,det,xxxx,True,True
info,info,NOUN,NN,pobj,xxxx,True,False
.,.,PUNCT,.,punct,.,False,False

,
,SPACE,_SP,dep,
,False,False
",",PUNCT,``,punct,",False,False
Each,each,PRON,DT,nsubj,Xxxx,True,True
of,of,ADP,IN,prep,xx,True,True
us,we,PRON,PRP,pobj,xx,True,True
gets,get,VERB,VBZ,ROOT,xxxx,True,False
the,the,DET,DT,det,xxx,True,True
chance,chance,NOUN,NN,dobj,xxxx,True,False
to,to,PART,TO,aux,xx,True,True
be,be,AUX,VB,acl,xx,True,True
a,a,DET,DT,det,x,True,True
vaccine,vaccine,NOUN,NN,compound,xxxx,True,False
hero,hero,NOUN,NN,attr,xxxx,True,False
and,and,CCONJ,CC,cc,xxx,True,True
go,go,VERB,VB,conj,xx,True,True
out,out,ADP,RP,advmod,xxx,True,True
and,and,CCONJ,CC,cc,xxx,True,True
have,have,VERB,VB,conj,xxxx,True,True
that,that,DET,DT,det,xxxx,True,True
conversation,conversation,NOUN,NN,dobj,xxxx,True,False
.,.,PUNCT,.,punct,.,False,False
That,that,PRON,DT,nsubj,Xxxx,True,True
's,be,AUX,VBZ,ccomp,'x,False,True
how,how,SCONJ,WRB,advmod,xxx,True,True
we,we,PRON,PRP,nsubj,xx,True,True
'll,will,AUX,MD,aux,'xx,False,True
get,get,VERB,VB,ccomp,xxx,True,True
there,there,ADV,RB,advmod,xxxx,True,True
,,,,PUNCT,,,punct,,,False,False
",",PUNCT,'',punct,",False,False
Robertson,Robertson,PROPN,NNP,nsubj,Xxxxx,True,False
said,say,VERB,VBD,ROOT,xxxx,True,False
.,.,PUNCT,.,punct,.,False,False

,
,SPACE,_SP,dep,
,False,False
Speaking,speak,VERB,VBG,csubj,Xxxxx,True,False
about,about,ADP,IN,prep,xxxx,True,True
vaccine,vaccine,NOUN,NN,pobj,xxxx,True,False
passports,passport,VERB,VBZ,advcl,xxxx,True,False
,,,,PUNCT,,,punct,,,False,False
he,he,PRON,PRP,nsubj,xx,True,True
said,say,VERB,VBD,ROOT,xxxx,True,False
that,that,SCONJ,IN,mark,xxxx,True,True
",",PUNCT,``,punct,",False,False
technology,technology,NOUN,NN,nsubjpass,xxxx,True,False
",",PUNCT,'',punct,",False,False
was,be,AUX,VBD,aux,xxx,True,True
being,be,AUX,VBG,auxpass,xxxx,True,True
worked,work,VERB,VBN,ccomp,xxxx,True,False
on,on,ADP,IN,prep,xx,True,True
alongside,alongside,ADP,IN,prep,xxxx,True,False
members,member,NOUN,NNS,pobj,xxxx,True,False
of,of,ADP,IN,prep,xx,True,True
the,the,DET,DT,det,xxx,True,True
business,business,NOUN,NN,compound,xxxx,True,False
sector,sector,NOUN,NN,pobj,xxxx,True,False
.,.,PUNCT,.,punct,.,False,False

,
,SPACE,_SP,dep,
,False,False
Bypassing,bypass,VERB,VBG,compound,Xxxxx,True,False
MIQ,MIQ,PROPN,NNP,dep,XXX,True,False
-,-,PUNCT,:,punct,-,False,False
the,the,DET,DT,det,xxx,True,True
150,150,NUM,CD,nummod,ddd,False,False
pioneers,pioneer,NOUN,NNS,nmod,xxxx,True,False

,
,SPACE,_SP,dep,
,False,False
A,a,DET,DT,det,X,True,True
home,home,NOUN,NN,compound,xxxx,True,False
-,-,PUNCT,HYPH,punct,-,False,False
isolation,isolation,NOUN,NN,compound,xxxx,True,False
trial,trial,NOUN,NN,nsubjpass,xxxx,True,False
for,for,ADP,IN,prep,xxx,True,True
some,some,DET,DT,det,xxxx,True,True
business,business,NOUN,NN,compound,xxxx,True,False
travellers,traveller,NOUN,NNS,pobj,xxxx,True,False
has,have,AUX,VBZ,aux,xxx,True,True
been,be,AUX,VBN,auxpass,xxxx,True,True
welcomed,welcome,VERB,VBN,ROOT,xxxx,True,False
as,as,ADP,IN,prep,xx,True,True
the,the,DET,DT,det,xxx,True,True
",",PUNCT,``,punct,",False,False
first,first,ADJ,JJ,amod,xxxx,True,True
crack,crack,NOUN,NN,pobj,xxxx,True,False
",",PUNCT,'',punct,",False,False
at,at,ADP,IN,prep,xx,True,True
reopening,reopen,VERB,VBG,pcomp,xxxx,True,False
our,our,PRON,PRP$,poss,xxx,True,True
borders,border,NOUN,NNS,dobj,xxxx,True,False
-,-,PUNCT,:,punct,-,False,False
but,but,CCONJ,CC,cc,xxx,True,True
an,an,DET,DT,det,xx,True,True
expert,expert,NOUN,NN,nsubj,xxxx,True,False
warns,warn,VERB,VBZ,conj,xxxx,True,False
it,it,PRON,PRP,nsubj,xx,True,True
could,could,AUX,MD,aux,xxxx,True,True
mean,mean,VERB,VB,ccomp,xxxx,True,False
little,little,ADJ,JJ,amod,xxxx,True,False
if,if,SCONJ,IN,mark,xx,True,True
the,the,DET,DT,det,xxx,True,True
",",PUNCT,``,punct,",False,False
long,long,ADJ,JJ,amod,xxxx,True,False
tail,tail,NOUN,NN,nsubjpass,xxxx,True,False
",",PUNCT,'',punct,",False,False
of,of,ADP,IN,prep,xx,True,True
Auckland,Auckland,PROPN,NNP,poss,Xxxxx,True,False
's,'s,PART,POS,case,'x,False,True
outbreak,outbreak,NOUN,NN,pobj,xxxx,True,False
is,be,AUX,VBZ,auxpass,xx,True,True
not,not,PART,RB,neg,xxx,True,True
stamped,stamp,VERB,VBN,ccomp,xxxx,True,False
out,out,ADP,RP,prt,xxx,True,True
.,.,PUNCT,.,punct,.,False,False

,
,SPACE,_SP,dep,
,False,False
Prime,Prime,PROPN,NNP,compound,Xxxxx,True,False
Minister,Minister,PROPN,NNP,compound,Xxxxx,True,False
Jacinda,Jacinda,PROPN,NNP,compound,Xxxxx,True,False
Ardern,Ardern,PROPN,NNP,nsubj,Xxxxx,True,False
said,say,VERB,VBD,ROOT,xxxx,True,False
self,self,NOUN,NN,compound,xxxx,True,False
-,-,PUNCT,HYPH,punct,-,False,False
isolation,isolation,NOUN,NN,nsubjpass,xxxx,True,False
is,be,AUX,VBZ,aux,xx,True,True
being,be,AUX,VBG,auxpass,xxxx,True,True
considered,consider,VERB,VBN,ccomp,xxxx,True,False
as,as,ADP,IN,prep,xx,True,True
a,a,DET,DT,det,x,True,True
future,future,ADJ,JJ,amod,xxxx,True,False
option,option,NOUN,NN,pobj,xxxx,True,False
in,in,ADP,IN,prep,xx,True,True
advance,advance,NOUN,NN,pobj,xxxx,True,False
of,of,ADP,IN,prep,xx,True,True
a,a,DET,DT,det,x,True,True
highly,highly,ADV,RB,advmod,xxxx,True,False
vaccinated,vaccinated,ADJ,JJ,amod,xxxx,True,False
public,public,NOUN,NN,pobj,xxxx,True,False
.,.,PUNCT,.,punct,.,False,False

,
,SPACE,_SP,dep,
,False,False
But,but,CCONJ,CC,cc,Xxx,True,True
,,,,PUNCT,,,punct,,,False,False
before,before,SCONJ,IN,mark,xxxx,True,True
the,the,DET,DT,det,xxx,True,True
country,country,NOUN,NN,nsubj,xxxx,True,False
gets,get,VERB,VBZ,advcl,xxxx,True,False
to,to,ADP,IN,prep,xx,True,True
that,that,DET,DT,det,xxxx,True,True
stage,stage,NOUN,NN,pobj,xxxx,True,False
a,a,DET,DT,det,x,True,True
trial,trial,NOUN,NN,nsubj,xxxx,True,False
involving,involve,VERB,VBG,acl,xxxx,True,False
150,150,NUM,CD,nummod,ddd,False,False
fully,fully,ADV,RB,advmod,xxxx,True,False
vaccinated,vaccinated,ADJ,JJ,amod,xxxx,True,False
travellers,traveller,NOUN,NNS,dobj,xxxx,True,False
who,who,PRON,WP,nsubj,xxx,True,True
can,can,AUX,MD,aux,xxx,True,True
bypass,bypass,VERB,VB,relcl,xxxx,True,False
MIQ,MIQ,PROPN,NNP,dobj,XXX,True,False
and,and,CCONJ,CC,cc,xxx,True,True
isolate,isolate,VERB,VB,conj,xxxx,True,False
at,at,ADP,IN,prep,xx,True,True
home,home,NOUN,NN,pobj,xxxx,True,False
will,will,AUX,MD,aux,xxxx,True,True
start,start,VERB,VB,ROOT,xxxx,True,False
at,at,ADP,IN,prep,xx,True,True
the,the,DET,DT,det,xxx,True,True,the
end,end,NOUN,NN,pobj,xxx,True,False,end
of,of,ADP,IN,prep,xx,True,True,of
October,October,PROPN,NNP,pobj,Xxxxx,True,False,2024-10-01 TO 2024-10-31
and,and,CCONJ,CC,cc,xxx,True,True
run,run,VERB,VB,conj,xxx,True,False
for,for,ADP,IN,prep,xxx,True,True
about,about,ADV,RB,advmod,xxxx,True,True,about
six,six,NUM,CD,nummod,xxx,True,True,six
weeks,week,NOUN,NNS,pobj,xxxx,True,False,weeks
.,.,PUNCT,.,punct,.,False,False

,
,SPACE,_SP,dep,
,False,False
It,it,PRON,PRP,nsubjpass,Xx,True,True
would,would,AUX,MD,aux,xxxx,True,True
be,be,AUX,VB,auxpass,xx,True,True
coupled,couple,VERB,VBN,ROOT,xxxx,True,False
with,with,ADP,IN,prep,xxxx,True,True
a,a,DET,DT,det,x,True,True
testing,testing,NOUN,NN,nmod,xxxx,True,False
and,and,CCONJ,CC,cc,xxx,True,True
monitoring,monitor,VERB,VBG,conj,xxxx,True,False
regime,regime,NOUN,NN,pobj,xxxx,True,False
and,and,CCONJ,CC,cc,xxx,True,True
travellers,traveller,NOUN,NNS,conj,xxxx,True,False
would,would,AUX,MD,aux,xxxx,True,True
n't,not,PART,RB,neg,x'x,False,True
be,be,AUX,VB,conj,xx,True,True
able,able,ADJ,JJ,acomp,xxxx,True,False
to,to,PART,TO,aux,xx,True,True
leave,leave,VERB,VB,xcomp,xxxx,True,False
their,their,PRON,PRP$,poss,xxxx,True,True
homes,home,NOUN,NNS,dobj,xxxx,True,False
,,,,PUNCT,,,punct,,,False,False
or,or,CCONJ,CC,cc,xx,True,True
have,have,VERB,VB,conj,xxxx,True,True
anyone,anyone,PRON,NN,dobj,xxxx,True,True
else,else,ADV,RB,advmod,xxxx,True,True
there,there,ADV,RB,advmod,xxxx,True,True
unless,unless,SCONJ,IN,mark,xxxx,True,True
they,they,PRON,PRP,nsubj,xxxx,True,True
too,too,ADV,RB,advmod,xxx,True,True
had,have,AUX,VBD,aux,xxx,True,True
travelled,travel,VERB,VBN,advcl,xxxx,True,False
as,as,ADP,IN,prep,xx,True,True
part,part,NOUN,NN,pobj,xxxx,True,True
of,of,ADP,IN,prep,xx,True,True
the,the,DET,DT,det,xxx,True,True
same,same,ADJ,JJ,amod,xxxx,True,True
party,party,NOUN,NN,pobj,xxxx,True,False
.,.,PUNCT,.,punct,.,False,False

,
,SPACE,_SP,dep,
,False,False
Ardern,Ardern,PROPN,NNP,nsubj,Xxxxx,True,False
said,say,VERB,VBD,ROOT,xxxx,True,False
the,the,DET,DT,det,xxx,True,True
move,move,NOUN,NN,nsubj,xxxx,True,True
was,be,AUX,VBD,ccomp,xxx,True,True
an,an,DET,DT,det,xx,True,True
indication,indication,NOUN,NN,attr,xxxx,True,False
of,of,ADP,IN,prep,xx,True,True
where,where,SCONJ,WRB,advmod,xxxx,True,True
the,the,DET,DT,det,xxx,True,True
Government,Government,PROPN,NNP,nsubj,Xxxxx,True,False
wanted,want,VERB,VBD,pcomp,xxxx,True,False
to,to,PART,TO,aux,xx,True,True
go,go,VERB,VB,xcomp,xx,True,True
in,in,ADP,IN,prep,xx,True,True
the,the,DET,DT,det,xxx,True,True
future,future,NOUN,NN,pobj,xxxx,True,False
.,.,PUNCT,.,punct,.,False,False
She,she,PRON,PRP,nsubj,Xxx,True,True
was,be,AUX,VBD,aux,xxx,True,True
also,also,ADV,RB,advmod,xxxx,True,True
looking,look,VERB,VBG,ROOT,xxxx,True,False
at,at,ADP,IN,prep,xx,True,True
shorter,short,ADJ,JJR,amod,xxxx,True,False
periods,period,NOUN,NNS,pobj,xxxx,True,False
of,of,ADP,IN,prep,xx,True,True
isolation,isolation,NOUN,NN,pobj,xxxx,True,False
for,for,ADP,IN,prep,xxx,True,True
some,some,PRON,DT,pobj,xxxx,True,True
.,.,PUNCT,.,punct,.,False,False

,
,SPACE,_SP,dep,
,False,False
",",PUNCT,``,punct,",False,False
All,all,PRON,DT,nsubj,Xxx,True,True
of,of,ADP,IN,prep,xx,True,True
this,this,PRON,DT,pobj,xxxx,True,True
will,will,AUX,MD,aux,xxxx,True,True
help,help,VERB,VB,ROOT,xxxx,True,False
with,with,ADP,IN,prep,xxxx,True,True
the,the,DET,DT,det,xxx,True,True
bottlenecks,bottleneck,NOUN,NNS,pobj,xxxx,True,False
,,,,PUNCT,,,punct,,,False,False
which,which,PRON,WDT,nsubj,xxxx,True,True
have,have,AUX,VBP,aux,xxxx,True,True
kept,keep,VERB,VBN,relcl,xxxx,True,False
our,our,PRON,PRP$,poss,xxx,True,True
borders,border,NOUN,NNS,dobj,xxxx,True,False
safe,safe,ADJ,JJ,oprd,xxxx,True,False
.,.,PUNCT,.,punct,.,False,False
",",PUNCT,``,punct,",False,False

,
,SPACE,_SP,dep,
,False,False
The,the,DET,DT,det,Xxx,True,True
Government,Government,PROPN,NNP,poss,Xxxxx,True,False
's,'s,PART,POS,case,'x,False,True
self,self,NOUN,NN,compound,xxxx,True,False
-,-,PUNCT,HYPH,punct,-,False,False
isolation,isolation,NOUN,NN,compound,xxxx,True,False
announcement,announcement,NOUN,NN,nsubjpass,xxxx,True,False
has,have,AUX,VBZ,aux,xxx,True,True
been,be,AUX,VBN,auxpass,xxxx,True,True
welcomed,welcome,VERB,VBN,ROOT,xxxx,True,False
with,with,ADP,IN,prep,xxxx,True,True
open,open,ADJ,JJ,amod,xxxx,True,False
arms,arm,NOUN,NNS,pobj,xxxx,True,False
by,by,ADP,IN,prep,xx,True,True
Auckland,Auckland,PROPN,NNP,compound,Xxxxx,True,False
Business,Business,PROPN,NNP,compound,Xxxxx,True,False
Chamber,Chamber,PROPN,NNP,compound,Xxxxx,True,False
CEO,CEO,PROPN,NNP,compound,XXX,True,False
Michael,Michael,PROPN,NNP,compound,Xxxxx,True,False
Barnett,Barnett,PROPN,NNP,pobj,Xxxxx,True,False
,,,,PUNCT,,,punct,,,False,False
who,who,PRON,WP,nsubj,xxx,True,True
predicted,predict,VERB,VBD,relcl,xxxx,True,False
businesses,business,NOUN,NNS,nsubj,xxxx,True,False
",",PUNCT,``,punct,",False,False
locked,lock,VERB,VBN,ccomp,xxxx,True,False
in,in,ADP,IN,prep,xx,True,True
New,New,PROPN,NNP,compound,Xxx,True,False
Zealand,Zealand,PROPN,NNP,pobj,Xxxxx,True,False
or,or,CCONJ,CC,cc,xx,True,True
marooned,maroon,VERB,VBD,conj,xxxx,True,False
overseas,overseas,ADV,RB,advmod,xxxx,True,False
and,and,CCONJ,CC,cc,xxx,True,True
locked,lock,VERB,VBN,conj,xxxx,True,False
out,out,ADP,IN,prep,xxx,True,True
of,of,ADP,IN,prep,xx,True,True
MIQ,MIQ,PROPN,NNP,pobj,XXX,True,False
will,will,AUX,MD,aux,xxxx,True,True
leap,leap,VERB,VB,conj,xxxx,True,False
at,at,ADP,IN,prep,xx,True,True
the,the,DET,DT,det,xxx,True,True
opportunity,opportunity,NOUN,NN,pobj,xxxx,True,False
",",PUNCT,'',punct,",False,False
to,to,PART,TO,aux,xx,True,True
participate,participate,VERB,VB,xcomp,xxxx,True,False
in,in,ADP,IN,prep,xx,True,True
the,the,DET,DT,det,xxx,True,True
trial,trial,NOUN,NN,pobj,xxxx,True,False
.,.,PUNCT,.,punct,.,False,False

,
,SPACE,_SP,dep,
,False,False
He,he,PRON,PRP,nsubj,Xx,True,True
said,say,VERB,VBD,ROOT,xxxx,True,False
the,the,DET,DT,det,xxx,True,True
pilot,pilot,NOUN,NN,compound,xxxx,True,False
programme,programme,NOUN,NN,nsubj,xxxx,True,False
was,be,AUX,VBD,ccomp,xxx,True,True
",",PUNCT,``,punct,",False,False
the,the,DET,DT,det,xxx,True,True
first,first,ADJ,JJ,amod,xxxx,True,True
crack,crack,NOUN,NN,attr,xxxx,True,False
to,to,PART,TO,aux,xx,True,True
open,open,VERB,VB,relcl,xxxx,True,False
the,the,DET,DT,det,xxx,True,True
borders,border,NOUN,NNS,dobj,xxxx,True,False
safely,safely,ADV,RB,advmod,xxxx,True,False
",",PUNCT,'',punct,",False,False
for,for,ADP,IN,prep,xxx,True,True
struggling,struggle,VERB,VBG,pcomp,xxxx,True,False
businesses,business,NOUN,NNS,dobj,xxxx,True,False
",",PUNCT,``,punct,",False,False
desperate,desperate,ADJ,JJ,oprd,xxxx,True,False
to,to,PART,TO,aux,xx,True,True
get,get,VERB,VB,xcomp,xxx,True,True
back,back,ADV,RB,advmod,xxxx,True,True
in,in,ADP,IN,prep,xx,True,True
the,the,DET,DT,det,xxx,True,True
market,market,NOUN,NN,pobj,xxxx,True,False
",",PUNCT,'',punct,",False,False
.,.,PUNCT,.,punct,.,False,False

,
,SPACE,_SP,dep,
,False,False
Barnett,Barnett,PROPN,NNP,nsubj,Xxxxx,True,False
predicted,predict,VERB,VBD,ROOT,xxxx,True,False
there,there,PRON,EX,expl,xxxx,True,True
wo,will,AUX,MD,aux,xx,True,False
n't,not,PART,RB,neg,x'x,False,True
be,be,AUX,VB,ccomp,xx,True,True
any,any,DET,DT,det,xxx,True,True
setbacks,setback,NOUN,NNS,attr,xxxx,True,False
as,as,ADP,IN,prep,xx,True,True
a,a,DET,DT,det,x,True,True
result,result,NOUN,NN,pobj,xxxx,True,False
of,of,ADP,IN,prep,xx,True,True
the,the,DET,DT,det,xxx,True,True
trial,trial,NOUN,NN,pobj,xxxx,True,False
,,,,PUNCT,,,punct,,,False,False
even,even,ADV,RB,advmod,xxxx,True,True
as,as,SCONJ,IN,mark,xx,True,True
Auckland,Auckland,PROPN,NNP,nsubj,Xxxxx,True,False
still,still,ADV,RB,advmod,xxxx,True,True
battles,battle,VERB,VBZ,advcl,xxxx,True,False
to,to,PART,TO,aux,xx,True,True
eliminate,eliminate,VERB,VB,xcomp,xxxx,True,False
the,the,DET,DT,det,xxx,True,True
latest,late,ADJ,JJS,amod,xxxx,True,False
Delta,Delta,PROPN,NNP,compound,Xxxxx,True,False
outbreak,outbreak,VERB,VBP,dobj,xxxx,True,False
.,.,PUNCT,.,punct,.,False,False

,
,SPACE,_SP,dep,
,False,False
",",PUNCT,``,punct,",False,False
They,they,PRON,PRP,nsubj,Xxxx,True,True
have,have,VERB,VBP,ccomp,xxxx,True,True
skin,skin,NOUN,NN,dobj,xxxx,True,False
in,in,ADP,IN,prep,xx,True,True
the,the,DET,DT,det,xxx,True,True
game,game,NOUN,NN,pobj,xxxx,True,False
and,and,CCONJ,CC,cc,xxx,True,True
every,every,DET,DT,det,xxxx,True,True
business,business,NOUN,NN,conj,xxxx,True,False
,,,,PUNCT,,,punct,,,False,False
especially,especially,ADV,RB,advmod,xxxx,True,False
the,the,DET,DT,det,xxx,True,True
trailblazers,trailblazer,NOUN,NNS,dobj,xxxx,True,False
of,of,ADP,IN,prep,xx,True,True
this,this,DET,DT,det,xxxx,True,True
trial,trial,NOUN,NN,pobj,xxxx,True,False
,,,,PUNCT,,,punct,,,False,False
will,will,AUX,MD,aux,xxxx,True,True
want,want,VERB,VB,ccomp,xxxx,True,False
to,to,PART,TO,aux,xx,True,True
show,show,VERB,VB,xcomp,xxxx,True,True
that,that,SCONJ,IN,mark,xxxx,True,True
they,they,PRON,PRP,nsubj,xxxx,True,True
recognise,recognise,VERB,VBP,ccomp,xxxx,True,False
that,that,SCONJ,IN,mark,xxxx,True,True
the,the,DET,DT,det,xxx,True,True
ability,ability,NOUN,NN,nsubj,xxxx,True,False
to,to,PART,TO,aux,xx,True,True
travel,travel,VERB,VB,acl,xxxx,True,False
while,while,SCONJ,IN,mark,xxxx,True,True
New,New,PROPN,NNP,compound,Xxx,True,False
Zealand,Zealand,PROPN,NNP,nsubj,Xxxxx,True,False
is,be,AUX,VBZ,aux,xx,True,True
living,live,VERB,VBG,advcl,xxxx,True,False
with,with,ADP,IN,prep,xxxx,True,True
restrictions,restriction,NOUN,NNS,pobj,xxxx,True,False
to,to,PART,TO,aux,xx,True,True
eliminate,eliminate,VERB,VB,acl,xxxx,True,False
Covid,Covid,PROPN,NNP,dobj,Xxxxx,True,False
is,be,AUX,VBZ,ccomp,xx,True,True
a,a,DET,DT,det,x,True,True
privilege,privilege,NOUN,NN,attr,xxxx,True,False
,,,,PUNCT,,,punct,,,False,False
",",PUNCT,'',punct,",False,False
he,he,PRON,PRP,nsubj,xx,True,True
said,say,VERB,VBD,ROOT,xxxx,True,False
.,.,PUNCT,.,punct,.,False,False

,
,SPACE,_SP,dep,
,False,False
Epidemiologist,Epidemiologist,PROPN,NNP,compound,Xxxxx,True,False
Dr,Dr,PROPN,NNP,compound,Xx,True,False
Michael,Michael,PROPN,NNP,compound,Xxxxx,True,False
Baker,Baker,PROPN,NNP,nsubj,Xxxxx,True,False
said,say,VERB,VBD,ROOT,xxxx,True,False
it,it,PRON,PRP,nsubj,xx,True,True
was,be,AUX,VBD,ccomp,xxx,True,True
good,good,ADJ,JJ,acomp,xxxx,True,False
to,to,PART,TO,aux,xx,True,True
see,see,VERB,VB,xcomp,xxx,True,True
the,the,DET,DT,det,xxx,True,True
self,self,NOUN,NN,compound,xxxx,True,False
-,-,PUNCT,HYPH,punct,-,False,False
isolation,isolation,NOUN,NN,compound,xxxx,True,False
trial,trial,NOUN,NN,dobj,xxxx,True,False
under,under,ADP,IN,prep,xxxx,True,True
way,way,NOUN,NN,pobj,xxx,True,False
,,,,PUNCT,,,punct,,,False,False
but,but,CCONJ,CC,cc,xxx,True,True
cautioned,caution,VERB,VBD,conj,xxxx,True,False
how,how,SCONJ,WRB,advmod,xxx,True,True
much,much,ADJ,JJ,nsubjpass,xxxx,True,True
could,could,AUX,MD,aux,xxxx,True,True
be,be,AUX,VB,auxpass,xx,True,True
learned,learn,VERB,VBN,ccomp,xxxx,True,False
from,from,ADP,IN,prep,xxxx,True,True
it,it,PRON,PRP,pobj,xx,True,True
.,.,PUNCT,.,punct,.,False,False

,
,SPACE,_SP,dep,
,False,False
",",PUNCT,``,punct,",False,False
To,to,PART,TO,aux,Xx,True,True
really,really,ADV,RB,advmod,xxxx,True,True
do,do,VERB,VB,ROOT,xx,True,True
a,a,DET,DT,det,x,True,True
proper,proper,ADJ,JJ,amod,xxxx,True,False
study,study,NOUN,NN,dobj,xxxx,True,False
you,you,PRON,PRP,nsubj,xxx,True,True
need,need,VERB,VBP,relcl,xxxx,True,False
to,to,PART,TO,aux,xx,True,True
do,do,VERB,VB,xcomp,xx,True,True
it,it,PRON,PRP,dobj,xx,True,True
on,on,ADP,IN,prep,xx,True,True
a,a,DET,DT,det,x,True,True
much,much,ADV,RB,advmod,xxxx,True,True
bigger,big,ADJ,JJR,amod,xxxx,True,False
scale,scale,NOUN,NN,pobj,xxxx,True,False
.,.,PUNCT,.,punct,.,False,False
This,this,PRON,DT,nsubj,Xxxx,True,True
will,will,AUX,MD,aux,xxxx,True,True
be,be,AUX,VB,ROOT,xx,True,True
very,very,ADV,RB,advmod,xxxx,True,True
low,low,ADJ,JJ,amod,xxx,True,False
-,-,PUNCT,HYPH,punct,-,False,False
risk,risk,NOUN,NN,attr,xxxx,True,False
,,,,PUNCT,,,punct,,,False,False
but,but,CCONJ,CC,cc,xxx,True,True
it,it,PRON,PRP,nsubj,xx,True,True
will,will,AUX,MD,aux,xxxx,True,True
show,show,VERB,VB,conj,xxxx,True,True
how,how,SCONJ,WRB,advmod,xxx,True,True
the,the,DET,DT,det,xxx,True,True
mechanics,mechanic,NOUN,NNS,nsubj,xxxx,True,False
could,could,AUX,MD,aux,xxxx,True,True
work,work,VERB,VB,ccomp,xxxx,True,False
.,.,PUNCT,.,punct,.,False,False

,
,SPACE,_SP,dep,
,False,False
",",PUNCT,``,punct,",False,False
The,the,DET,DT,det,Xxx,True,True
real,real,ADJ,JJ,amod,xxxx,True,False
question,question,NOUN,NN,nsubj,xxxx,True,False
will,will,AUX,MD,aux,xxxx,True,True
be,be,AUX,VB,ROOT,xx,True,True
how,how,SCONJ,WRB,advmod,xxx,True,True
it,it,PRON,PRP,nsubj,xx,True,True
works,work,VERB,VBZ,ccomp,xxxx,True,False
when,when,SCONJ,WRB,advmod,xxxx,True,True
scaled,scale,VERB,VBN,advcl,xxxx,True,False
up,up,ADP,RP,prt,xx,True,True
to,to,ADP,IN,prep,xx,True,True
tens,ten,NOUN,NNS,quantmod,xxxx,True,False
of,of,ADP,IN,quantmod,xx,True,True
thousands,thousand,NOUN,NNS,pobj,xxxx,True,False
of,of,ADP,IN,prep,xx,True,True
people,people,NOUN,NNS,pobj,xxxx,True,False
.,.,PUNCT,.,punct,.,False,False
",",PUNCT,'',punct,",False,False

,
,SPACE,_SP,dep,
,False,False
He,he,PRON,PRP,nsubj,Xx,True,True
said,say,VERB,VBD,ROOT,xxxx,True,False
low,low,ADJ,JJ,amod,xxx,True,False
-,-,PUNCT,HYPH,punct,-,False,False
risk,risk,NOUN,NN,compound,xxxx,True,False
countries,country,NOUN,NNS,nsubjpass,xxxx,True,False
to,to,PART,TO,aux,xx,True,True
be,be,AUX,VB,auxpass,xx,True,True
involved,involve,VERB,VBN,ccomp,xxxx,True,False
could,could,AUX,MD,aux,xxxx,True,True
include,include,VERB,VB,ccomp,xxxx,True,False
Covid,Covid,PROPN,NNP,npadvmod,Xxxxx,True,False
-,-,PUNCT,HYPH,punct,-,False,False
free,free,ADJ,JJ,amod,xxxx,True,False
states,state,NOUN,NNS,dobj,xxxx,True,False
in,in,ADP,IN,prep,xx,True,True
Australia,Australia,PROPN,NNP,pobj,Xxxxx,True,False
,,,,PUNCT,,,punct,,,False,False
Taiwan,Taiwan,PROPN,NNP,conj,Xxxxx,True,False
,,,,PUNCT,,,punct,,,False,False
Hong,Hong,PROPN,NNP,compound,Xxxx,True,False
Kong,Kong,PROPN,NNP,conj,Xxxx,True,False
and,and,CCONJ,CC,cc,xxx,True,True
mainland,mainland,NOUN,NN,compound,xxxx,True,False
China,China,PROPN,NNP,conj,Xxxxx,True,False
.,.,PUNCT,.,punct,.,False,False

,
,SPACE,_SP,dep,
,False,False
The,the,DET,DT,det,Xxx,True,True
bigger,big,ADJ,JJR,amod,xxxx,True,False
question,question,NOUN,NN,nsubj,xxxx,True,False
though,though,ADV,RB,mark,xxxx,True,True
was,be,AUX,VBD,ccomp,xxx,True,True
where,where,SCONJ,WRB,advmod,xxxx,True,True
New,New,PROPN,NNP,compound,Xxx,True,False
Zealand,Zealand,PROPN,NNP,nsubj,Xxxxx,True,False
was,be,AUX,VBD,advcl,xxx,True,True
at,at,ADP,IN,prep,xx,True,True
next,next,ADJ,JJ,amod,xxxx,True,True,next
year,year,NOUN,NN,pobj,xxxx,True,False,year
with,with,ADP,IN,prep,xxxx,True,True
the,the,DET,DT,det,xxx,True,True
virus,virus,NOUN,NN,pobj,xxxx,True,False
and,and,CCONJ,CC,cc,xxx,True,True
if,if,SCONJ,IN,mark,xx,True,True
it,it,PRON,PRP,nsubj,xx,True,True
was,be,AUX,VBD,aux,xxx,True,True
still,still,ADV,RB,advmod,xxxx,True,True
circulating,circulate,VERB,VBG,conj,xxxx,True,False
here,here,ADV,RB,advmod,xxxx,True,True
,,,,PUNCT,,,punct,,,False,False
along,along,ADP,IN,prep,xxxx,True,True
with,with,ADP,IN,prep,xxxx,True,True
vaccination,vaccination,NOUN,NN,compound,xxxx,True,False
levels,level,NOUN,NNS,pobj,xxxx,True,False
,,,,PUNCT,,,punct,,,False,False
he,he,PRON,PRP,nsubj,xx,True,True
said,say,VERB,VBD,ROOT,xxxx,True,False
.,.,PUNCT,.,punct,.,False,False

,
,SPACE,_SP,dep,
,False,False
",",PUNCT,``,punct,",False,False
If,if,SCONJ,IN,mark,Xx,True,True
we,we,PRON,PRP,nsubj,xx,True,True
are,be,AUX,VBP,advcl,xxx,True,True
still,still,ADV,RB,advmod,xxxx,True,True
in,in,ADP,IN,prep,xx,True,True
a,a,DET,DT,det,x,True,True
situation,situation,NOUN,NN,pobj,xxxx,True,False
of,of,ADP,IN,prep,xx,True,True
little,little,ADJ,JJ,amod,xxxx,True,False
or,or,CCONJ,CC,cc,xx,True,True
no,no,PRON,DT,conj,xx,True,True
transmission,transmission,NOUN,NN,pobj,xxxx,True,False
,,,,PUNCT,,,punct,,,False,False
so,so,ADV,RB,advmod,xx,True,True
still,still,ADV,RB,advmod,xxxx,True,True
elimination,elimination,NOUN,NN,ROOT,xxxx,True,False
,,,,PUNCT,,,punct,,,False,False
compared,compare,VERB,VBN,prep,xxxx,True,False
to,to,ADP,IN,prep,xx,True,True
the,the,DET,DT,det,xxx,True,True
endemic,endemic,ADJ,JJ,amod,xxxx,True,False
spread,spread,NOUN,NN,pobj,xxxx,True,False
of,of,ADP,IN,prep,xx,True,True
the,the,DET,DT,det,xxx,True,True
virus,virus,NOUN,NN,pobj,xxxx,True,False
.,.,PUNCT,.,punct,.,False,False
Those,those,DET,DT,det,Xxxxx,True,True
things,thing,NOUN,NNS,nsubj,xxxx,True,False
will,will,AUX,MD,aux,xxxx,True,True
determine,determine,VERB,VB,ROOT,xxxx,True,False
our,our,PRON,PRP$,poss,xxx,True,True
tolerance,tolerance,NOUN,NN,dobj,xxxx,True,False
for,for,ADP,IN,prep,xxx,True,True
the,the,DET,DT,det,xxx,True,True
virus,virus,NOUN,NN,nsubj,xxxx,True,False
coming,come,VERB,VBG,pcomp,xxxx,True,False
in,in,ADV,RB,prt,xx,True,True
.,.,PUNCT,.,punct,.,False,False
",",PUNCT,``,punct,",False,False

,
,SPACE,_SP,dep,
,False,False
3000,3000,NUM,CD,nummod,dddd,False,False
MIQ,MIQ,PROPN,NNP,nsubj,XXX,True,False
rooms,room,NOUN,NNS,nsubj,xxxx,True,False
up,up,ADP,RP,prt,xx,True,True
for,for,ADP,IN,prep,xxx,True,True
grabs,grab,NOUN,NNS,compound,xxxx,True,False

,
,SPACE,_SP,dep,
,False,False
Kiwis,Kiwis,PROPN,NNP,pobj,Xxxxx,True,False
overseas,overseas,ADV,RB,advmod,xxxx,True,False
hoping,hope,VERB,VBG,advcl,xxxx,True,False
to,to,PART,TO,aux,xx,True,True
get,get,VERB,VB,xcomp,xxx,True,True
home,home,NOUN,NN,dobj,xxxx,True,False
will,will,AUX,MD,aux,xxxx,True,True
have,have,VERB,VB,ROOT,xxxx,True,True
another,another,DET,DT,det,xxxx,True,True
chance,chance,NOUN,NN,dobj,xxxx,True,False
to,to,PART,TO,aux,xx,True,True
secure,secure,VERB,VB,acl,xxxx,True,False
a,a,DET,DT,det,x,True,True
spot,spot,NOUN,NN,dobj,xxxx,True,False
in,in,ADP,IN,prep,xx,True,True
managed,manage,VERB,VBN,amod,xxxx,True,False
isolation,isolation,NOUN,NN,pobj,xxxx,True,False
and,and,CCONJ,CC,cc,xxx,True,True
quarantine,quarantine,NOUN,NN,conj,xxxx,True,False
,,,,PUNCT,,,punct,,,False,False
when,when,SCONJ,WRB,advmod,xxxx,True,True
3000,3000,NUM,CD,nummod,dddd,False,False
rooms,room,NOUN,NNS,nsubj,xxxx,True,False
go,go,VERB,VBP,relcl,xx,True,True
up,up,ADV,RB,advmod,xx,True,True
online,online,ADV,RB,advmod,xxxx,True,False
.,.,PUNCT,.,punct,.,False,False

,
,SPACE,_SP,dep,
,False,False
Pensioner,Pensioner,PROPN,NNP,compound,Xxxxx,True,False
Sue,Sue,PROPN,NNP,compound,Xxx,True,False
Hotu,Hotu,PROPN,NNP,nsubj,Xxxx,True,False
told,tell,VERB,VBD,ROOT,xxxx,True,False
TVNZ,TVNZ,PROPN,NNP,dobj,XXXX,True,False
she,she,PRON,PRP,nsubj,xxx,True,True
had,have,AUX,VBD,aux,xxx,True,True
been,be,AUX,VBN,aux,xxxx,True,True
trying,try,VERB,VBG,ccomp,xxxx,True,False
to,to,PART,TO,aux,xx,True,True
return,return,VERB,VB,xcomp,xxxx,True,False
to,to,ADP,IN,prep,xx,True,True
New,New,PROPN,NNP,compound,Xxx,True,False
Zealand,Zealand,PROPN,NNP,pobj,Xxxxx,True,False
from,from,ADP,IN,prep,xxxx,True,True
the,the,DET,DT,det,xxx,True,True
Gold,Gold,PROPN,NNP,compound,Xxxx,True,False
Coast,Coast,PROPN,NNP,pobj,Xxxxx,True,False
since,since,SCONJ,IN,prep,xxxx,True,True
May,May,PROPN,NNP,pobj,Xxx,True,True,2024-05-01 TO 2024-05-31
.,.,PUNCT,.,punct,.,False,False

,
,SPACE,_SP,dep,
,False,False
The,the,DET,DT,det,Xxx,True,True
first,first,ADJ,JJ,amod,xxxx,True,True
round,round,NOUN,NN,nsubj,xxxx,True,False
of,of,ADP,IN,prep,xx,True,True
MIQ,MIQ,PROPN,NNP,compound,XXX,True,False
spots,spot,NOUN,NNS,pobj,xxxx,True,False
in,in,ADP,IN,prep,xx,True,True
the,the,DET,DT,det,xxx,True,True
Government,Government,PROPN,NNP,poss,Xxxxx,True,False
's,'s,PART,POS,case,'x,False,True
new,new,ADJ,JJ,amod,xxx,True,False
virtual,virtual,ADJ,JJ,amod,xxxx,True,False
lobby,lobby,NOUN,NN,pobj,xxxx,True,False
had,have,AUX,VBD,aux,xxx,True,True
not,not,PART,RB,neg,xxx,True,True
gone,go,VERB,VBN,ROOT,xxxx,True,False
her,her,PRON,PRP$,poss,xxx,True,True
way,way,NOUN,NN,npadvmod,xxx,True,False
,,,,PUNCT,,,punct,,,False,False
when,when,SCONJ,WRB,advmod,xxxx,True,True
she,she,PRON,PRP,nsubj,xxx,True,True
logged,log,VERB,VBD,advcl,xxxx,True,False
on,on,ADP,RP,prt,xx,True,True
to,to,PART,TO,aux,xx,True,True
find,find,VERB,VB,xcomp,xxxx,True,False
she,she,PRON,PRP,nsubj,xxx,True,True
was,be,AUX,VBD,ccomp,xxx,True,True
behind,behind,ADP,IN,prep,xxxx,True,True
thousands,thousand,NOUN,NNS,pobj,xxxx,True,False
of,of,ADP,IN,prep,xx,True,True
people,people,NOUN,NNS,pobj,xxxx,True,False
in,in,ADP,IN,prep,xx,True,True
the,the,DET,DT,det,xxx,True,True
virtual,virtual,ADJ,JJ,amod,xxxx,True,False
queue,queue,NOUN,NN,pobj,xxxx,True,False
already,already,ADV,RB,advmod,xxxx,True,True
.,.,PUNCT,.,punct,.,False,False

,
,SPACE,_SP,dep,
,False,False
Hotu,Hotu,PROPN,NNP,nsubj,Xxxx,True,False
said,say,VERB,VBD,ROOT,xxxx,True,False
she,she,PRON,PRP,nsubj,xxx,True,True
would,would,AUX,MD,aux,xxxx,True,True
be,be,AUX,VB,ccomp,xx,True,True
up,up,ADV,RB,advmod,xx,True,True
again,again,ADV,RB,advmod,xxxx,True,True
tonight,tonight,NOUN,NN,npadvmod,xxxx,True,False
,,,,PUNCT,,,punct,,,False,False
at,at,ADP,IN,prep,xx,True,True
6,6,NUM,CD,nummod,d,False,False
pm,pm,NOUN,NN,pobj,xx,True,False
NZT,NZT,PROPN,NNP,appos,XXX,True,False
,,,,PUNCT,,,punct,,,False,False
hoping,hope,VERB,VBG,advcl,xxxx,True,False
to,to,PART,TO,aux,xx,True,True
get,get,VERB,VB,xcomp,xxx,True,True
one,one,NUM,CD,dobj,xxx,True,True
of,of,ADP,IN,prep,xx,True,True
the,the,DET,DT,det,xxx,True,True
3000,3000,NUM,CD,nummod,dddd,False,False
rooms,room,NOUN,NNS,pobj,xxxx,True,False
being,be,AUX,VBG,auxpass,xxxx,True,True
made,make,VERB,VBN,acl,xxxx,True,True
available,available,ADJ,JJ,oprd,xxxx,True,False
.,.,PUNCT,.,punct,.,False,False

,
,SPACE,_SP,dep,
,False,False
",",PUNCT,``,punct,",False,False
There,there,PRON,EX,expl,Xxxxx,True,True
was,be,VERB,VBD,ROOT,xxx,True,True
about,about,ADV,RB,advmod,xxxx,True,True
11,000,11,000,NUM,CD,nummod,dd,ddd,False,False
something,something,PRON,NN,compound,xxxx,True,True
people,people,NOUN,NNS,attr,xxxx,True,False
in,in,ADP,IN,prep,xx,True,True
front,front,NOUN,NN,pobj,xxxx,True,True
of,of,ADP,IN,prep,xx,True,True
me,I,PRON,PRP,pobj,xx,True,True
...,...,PUNCT,:,punct,...,False,False
and,and,CCONJ,CC,cc,xxx,True,True
then,then,ADV,RB,advmod,xxxx,True,True
it,it,PRON,PRP,nsubj,xx,True,True
was,be,AUX,VBD,conj,xxx,True,True
just,just,ADV,RB,advmod,xxxx,True,True
:,:,PUNCT,:,punct,:,False,False
',',PUNCT,``,punct,',False,False
Oh,oh,INTJ,UH,intj,Xx,True,False
gosh,gosh,INTJ,UH,intj,xxxx,True,False
,,,,PUNCT,,,punct,,,False,False
have,have,AUX,VBP,aux,xxxx,True,True
n't,not,PART,RB,neg,x'x,False,True
got,get,VERB,VBN,ccomp,xxx,True,False
a,a,DET,DT,det,x,True,True
hope,hope,NOUN,NN,dobj,xxxx,True,False
in,in,ADP,IN,prep,xx,True,True
hell,hell,NOUN,NN,pobj,xxxx,True,False
of,of,ADP,IN,prep,xx,True,True
getting,get,VERB,VBG,pcomp,xxxx,True,False
a,a,DET,DT,det,x,True,True
spot,spot,NOUN,NN,dobj,xxxx,True,False
',',PUNCT,'',punct,',False,False
.,.,PUNCT,.,punct,.,False,False

,
,SPACE,_SP,dep,
,False,False
",",PUNCT,``,punct,",False,False
Just,just,ADV,RB,advmod,Xxxx,True,True
sitting,sit,VERB,VBG,advcl,xxxx,True,False
there,there,ADV,RB,advmod,xxxx,True,True
for,for,ADP,IN,prep,xxx,True,True
three,three,NUM,CD,nummod,xxxx,True,True
hours,hour,NOUN,NNS,pobj,xxxx,True,False
,,,,PUNCT,,,punct,,,False,False
just,just,ADV,RB,advmod,xxxx,True,True
waiting,wait,VERB,VBG,advcl,xxxx,True,False
,,,,PUNCT,,,punct,,,False,False
and,and,CCONJ,CC,cc,xxx,True,True
numbers,number,NOUN,NNS,nsubj,xxxx,True,False
going,go,VERB,VBG,conj,xxxx,True,False
down,down,ADV,RB,advmod,xxxx,True,True
-,-,PUNCT,:,punct,-,False,False
that,that,PRON,DT,nsubj,xxxx,True,True
was,be,AUX,VBD,ccomp,xxx,True,True
real,real,ADV,RB,advmod,xxxx,True,False
hard,hard,ADV,RB,acomp,xxxx,True,False
,,,,PUNCT,,,punct,,,False,False
",",PUNCT,'',punct,",False,False
she,she,PRON,PRP,nsubj,xxx,True,True
said,say,VERB,VBD,ROOT,xxxx,True,False
,,,,PUNCT,,,punct,,,False,False
becoming,become,VERB,VBG,advcl,xxxx,True,True
emotional,emotional,ADJ,JJ,acomp,xxxx,True,False
.,.,PUNCT,.,punct,.,False,False

,
,SPACE,_SP,dep,
,False,False
One,one,NUM,CD,nummod,Xxx,True,True
thing,thing,NOUN,NN,nsubj,xxxx,True,False
Hotu,Hotu,PROPN,NNP,nsubj,Xxxx,True,False
called,call,VERB,VBD,relcl,xxxx,True,False
for,for,ADP,IN,prep,xxx,True,True
was,be,AUX,VBD,ROOT,xxx,True,True
a,a,DET,DT,det,x,True,True
better,well,ADJ,JJR,amod,xxxx,True,False
system,system,NOUN,NN,attr,xxxx,True,False
that,that,PRON,WDT,nsubj,xxxx,True,True
automatically,automatically,ADV,RB,advmod,xxxx,True,False
connected,connect,VERB,VBD,relcl,xxxx,True,False
an,an,DET,DT,det,xx,True,True
MIQ,MIQ,PROPN,NNP,compound,XXX,True,False
spot,spot,NOUN,NN,dobj,xxxx,True,False
with,with,ADP,IN,prep,xxxx,True,True
a,a,DET,DT,det,x,True,True
confirmed,confirmed,ADJ,JJ,amod,xxxx,True,False
plane,plane,NOUN,NN,compound,xxxx,True,False
ticket,ticket,NOUN,NN,pobj,xxxx,True,False
.,.,PUNCT,.,punct,.,False,False

,
,SPACE,_SP,dep,
,False,False
The,the,DET,DT,det,Xxx,True,True
way,way,NOUN,NN,nsubj,xxx,True,False
things,thing,NOUN,NNS,nsubjpass,xxxx,True,False
are,be,AUX,VBP,auxpass,xxx,True,True
set,set,VERB,VBN,relcl,xxx,True,False
up,up,ADP,RP,prt,xx,True,True
now,now,ADV,RB,advmod,xxx,True,True
means,mean,VERB,VBZ,ROOT,xxxx,True,False
anyone,anyone,PRON,NN,nsubj,xxxx,True,True
who,who,PRON,WP,nsubj,xxx,True,True
is,be,AUX,VBZ,relcl,xx,True,True
successful,successful,ADJ,JJ,acomp,xxxx,True,False
at,at,ADP,IN,prep,xx,True,True
securing,secure,VERB,VBG,pcomp,xxxx,True,False
a,a,DET,DT,det,x,True,True
room,room,NOUN,NN,dobj,xxxx,True,False
in,in,ADP,IN,prep,xx,True,True
MIQ,MIQ,PROPN,NNP,pobj,XXX,True,False
must,must,AUX,MD,aux,xxxx,True,True
then,then,ADV,RB,advmod,xxxx,True,True
try,try,VERB,VB,ccomp,xxx,True,False
to,to,PART,TO,aux,xx,True,True
secure,secure,VERB,VB,xcomp,xxxx,True,False
a,a,DET,DT,det,x,True,True
spot,spot,NOUN,NN,dobj,xxxx,True,False
on,on,ADP,IN,prep,xx,True,True
a,a,DET,DT,det,x,True,True
flight,flight,NOUN,NN,compound,xxxx,True,False
home,home,NOUN,NN,pobj,xxxx,True,False
.,.,PUNCT,.,punct,.,False,False

,
,SPACE,_SP,dep,
,False,False
",",PUNCT,``,punct,",False,False
It,it,PRON,PRP,nsubj,Xx,True,True
's,be,AUX,VBZ,ROOT,'x,False,True
crazy,crazy,ADJ,JJ,acomp,xxxx,True,False
.,.,PUNCT,.,punct,.,False,False
If,if,SCONJ,IN,mark,Xx,True,True
you,you,PRON,PRP,nsubj,xxx,True,True
've,have,AUX,VBP,aux,'xx,False,True
got,get,VERB,VBN,advcl,xxx,True,False
3000,3000,NUM,CD,nummod,dddd,False,False
MIQ,MIQ,PROPN,NNP,compound,XXX,True,False
spots,spot,NOUN,NNS,dobj,xxxx,True,False
,,,,PUNCT,,,punct,,,False,False
then,then,ADV,RB,advmod,xxxx,True,True
there,there,PRON,EX,expl,xxxx,True,True
should,should,AUX,MD,aux,xxxx,True,True
be,be,AUX,VB,ROOT,xx,True,True
3000,3000,NUM,CD,nummod,dddd,False,False
flight,flight,NOUN,NN,attr,xxxx,True,False
(,(,PUNCT,-LRB-,punct,(,False,False
tickets,ticket,NOUN,NNS,appos,xxxx,True,False
),),PUNCT,-RRB-,punct,),False,False
that,that,PRON,WDT,nsubj,xxxx,True,True
go,go,VERB,VBP,relcl,xx,True,True
with,with,ADP,IN,prep,xxxx,True,True
them,they,PRON,PRP,pobj,xxxx,True,True
-,-,PUNCT,:,punct,-,False,False
not,not,PART,RB,neg,xxx,True,True
try,try,VERB,VB,xcomp,xxx,True,False
to,to,PART,TO,aux,xx,True,True
find,find,VERB,VB,xcomp,xxxx,True,False
a,a,DET,DT,det,x,True,True
spot,spot,NOUN,NN,dobj,xxxx,True,False
after,after,ADV,RB,advmod,xxxx,True,True
.,.,PUNCT,.,punct,.,False,False
",",PUNCT,'',punct,",False,False

,
,SPACE,_SP,dep,
,False,False
Asked,ask,VERB,VBN,advcl,Xxxxx,True,False
if,if,SCONJ,IN,mark,xx,True,True
she,she,PRON,PRP,nsubj,xxx,True,True
was,be,AUX,VBD,aux,xxx,True,True
feeling,feel,VERB,VBG,ccomp,xxxx,True,False
hopeful,hopeful,ADJ,JJ,acomp,xxxx,True,False
today,today,NOUN,NN,npadvmod,xxxx,True,False,2024-04-09
,,,,PUNCT,,,punct,,,False,False
Hotu,Hotu,PROPN,NNP,nsubj,Xxxx,True,False
said,say,VERB,VBD,ROOT,xxxx,True,False
she,she,PRON,PRP,nsubj,xxx,True,True
was,be,AUX,VBD,aux,xxx,True,True
just,just,ADV,RB,advmod,xxxx,True,True
going,go,VERB,VBG,ccomp,xxxx,True,False
to,to,PART,TO,aux,xx,True,True
stay,stay,VERB,VB,xcomp,xxxx,True,False
positive,positive,ADJ,JJ,acomp,xxxx,True,False
.,.,PUNCT,.,punct,.,False,False

,
,SPACE,_SP,dep,
,False,False
It,it,PRON,PRP,nsubj,Xx,True,True
is,be,AUX,VBZ,ROOT,xx,True,True
still,still,ADV,RB,advmod,xxxx,True,True
not,not,PART,RB,neg,xxx,True,True
clear,clear,ADJ,JJ,acomp,xxxx,True,False
if,if,SCONJ,IN,mark,xx,True,True
the,the,DET,DT,det,xxx,True,True
Auckland,Auckland,PROPN,NNP,compound,Xxxxx,True,False
outbreak,outbreak,NOUN,NN,nsubj,xxxx,True,False
was,be,AUX,VBD,advcl,xxx,True,True
under,under,ADP,IN,prep,xxxx,True,True
control,control,NOUN,NN,pobj,xxxx,True,False
and,and,CCONJ,CC,cc,xxx,True,True
any,any,DET,DT,det,xxx,True,True
effects,effect,NOUN,NNS,nsubjpass,xxxx,True,False
of,of,ADP,IN,prep,xx,True,True
the,the,DET,DT,det,xxx,True,True
change,change,NOUN,NN,pobj,xxxx,True,False
to,to,PART,TO,aux,xx,True,True
level,level,VERB,VB,relcl,xxxx,True,False
3,3,NUM,CD,dobj,d,False,False
would,would,AUX,MD,aux,xxxx,True,True
be,be,AUX,VB,auxpass,xx,True,True
seen,see,VERB,VBN,conj,xxxx,True,False
in,in,ADP,IN,prep,xx,True,True
the,the,DET,DT,det,xxx,True,True,the
coming,come,VERB,VBG,amod,xxxx,True,False,coming
days,day,NOUN,NNS,pobj,xxxx,True,False,days
.,.,PUNCT,.,punct,.,False,False

,
,SPACE,_SP,dep,
,False,False
Director,Director,PROPN,NNP,compound,Xxxxx,True,False
-,-,PUNCT,HYPH,punct,-,False,False
general,general,NOUN,NN,nsubj,xxxx,True,False
of,of,ADP,IN,prep,xx,True,True
Health,Health,PROPN,NNP,compound,Xxxxx,True,False
Dr,Dr,PROPN,NNP,compound,Xx,True,False
Ashley,Ashley,PROPN,NNP,compound,Xxxxx,True,False
Bloomfield,Bloomfield,PROPN,NNP,pobj,Xxxxx,True,False
said,say,VERB,VBD,ROOT,xxxx,True,False
the,the,DET,DT,det,xxx,True,True
seven,seven,NUM,CD,nummod,xxxx,True,False,seven
-,-,PUNCT,HYPH,punct,-,False,False,-
day,day,NOUN,NN,compound,xxx,True,False,day
rolling,rolling,NOUN,NN,amod,xxxx,True,False
average,average,NOUN,NN,nsubj,xxxx,True,False
of,of,ADP,IN,prep,xx,True,True
Covid,covid,ADJ,JJ,amod,Xxxxx,True,False
cases,case,NOUN,NNS,pobj,xxxx,True,False
in,in,ADP,IN,prep,xx,True,True
NZ,NZ,PROPN,NNP,pobj,XX,True,False
was,be,AUX,VBD,ccomp,xxx,True,True
now,now,ADV,RB,advmod,xxx,True,True
15,15,NUM,CD,attr,dd,False,False,2024-04-15
,,,,PUNCT,,,punct,,,False,False
compared,compare,VERB,VBN,prep,xxxx,True,False
with,with,ADP,IN,prep,xxxx,True,True
17,17,NUM,CD,nummod,dd,False,False,2024-04-17
last,last,ADJ,JJ,amod,xxxx,True,True,last
week,week,NOUN,NN,pobj,xxxx,True,False,week
and,and,CCONJ,CC,cc,xxx,True,True
19,19,NUM,CD,conj,dd,False,False,2024-04-19
the,the,DET,DT,det,xxx,True,True,the
week,week,NOUN,NN,npadvmod,xxxx,True,False,week
before,before,ADV,RB,advmod,xxxx,True,True,before
.,.,PUNCT,.,punct,.,False,False

,
,SPACE,_SP,dep,
,False,False
",",PUNCT,``,punct,",False,False
We,we,PRON,PRP,nsubj,Xx,True,True
are,be,AUX,VBP,aux,xxx,True,True
making,make,VERB,VBG,ROOT,xxxx,True,False
progress,progress,NOUN,NN,dobj,xxxx,True,False
.,.,PUNCT,.,punct,.,False,False
Many,many,ADJ,JJ,nsubjpass,Xxxx,True,True
of,of,ADP,IN,prep,xx,True,True
our,our,PRON,PRP$,poss,xxx,True,True
clusters,cluster,NOUN,NNS,pobj,xxxx,True,False
are,be,AUX,VBP,auxpass,xxx,True,True
now,now,ADV,RB,advmod,xxx,True,True
considered,consider,VERB,VBN,ccomp,xxxx,True,False
to,to,PART,TO,aux,xx,True,True
be,be,AUX,VB,auxpass,xx,True,True
contained,contain,VERB,VBN,xcomp,xxxx,True,False
,,,,PUNCT,,,punct,,,False,False
or,or,CCONJ,CC,cc,xx,True,True
clusters,cluster,NOUN,NNS,nsubj,xxxx,True,False
are,be,AUX,VBP,conj,xxx,True,True
dormant,dormant,ADJ,JJ,acomp,xxxx,True,False
,,,,PUNCT,,,punct,,,False,False
",",PUNCT,'',punct,",False,False
Bloomfield,Bloomfield,PROPN,NNP,nsubj,Xxxxx,True,False
said,say,VERB,VBD,ROOT,xxxx,True,False
.,.,PUNCT,.,punct,.,False,False

,
,SPACE,_SP,dep,
,False,False
Baker,Baker,PROPN,NNP,nsubj,Xxxxx,True,False
said,say,VERB,VBD,ROOT,xxxx,True,False
it,it,PRON,PRP,nsubj,xx,True,True
was,be,AUX,VBD,ccomp,xxx,True,True
clear,clear,ADJ,JJ,acomp,xxxx,True,False
the,the,DET,DT,det,xxx,True,True
virus,virus,NOUN,NN,nsubj,xxxx,True,False
was,be,AUX,VBD,aux,xxx,True,True
now,now,ADV,RB,advmod,xxx,True,True
continuing,continue,VERB,VBG,ccomp,xxxx,True,False
to,to,PART,TO,aux,xx,True,True
transmit,transmit,VERB,VB,xcomp,xxxx,True,False
among,among,ADP,IN,prep,xxxx,True,True
specific,specific,ADJ,JJ,amod,xxxx,True,False
groups,group,NOUN,NNS,pobj,xxxx,True,False
and,and,CCONJ,CC,cc,xxx,True,True
there,there,ADV,RB,expl,xxxx,True,True
needed,need,VERB,VBD,conj,xxxx,True,False
to,to,PART,TO,aux,xx,True,True
be,be,AUX,VB,xcomp,xx,True,True
a,a,DET,DT,det,x,True,True
much,much,ADV,RB,advmod,xxxx,True,True
more,more,ADV,RBR,advmod,xxxx,True,True
targeted,targeted,ADJ,JJ,amod,xxxx,True,False
approach,approach,NOUN,NN,attr,xxxx,True,False
to,to,ADP,IN,prep,xx,True,True
stamping,stamp,VERB,VBG,pcomp,xxxx,True,False
out,out,ADP,RP,prt,xxx,True,True
the,the,DET,DT,det,xxx,True,True
virus,virus,NOUN,NN,dobj,xxxx,True,False
quickly,quickly,ADV,RB,advmod,xxxx,True,False
.,.,PUNCT,.,punct,.,False,False

,
,SPACE,_SP,dep,
,False,False
",",PUNCT,``,punct,",False,False
We,we,PRON,PRP,nsubj,Xx,True,True
are,be,AUX,VBP,ROOT,xxx,True,True
on,on,ADP,IN,prep,xx,True,True
a,a,DET,DT,det,x,True,True
knife,knife,NOUN,NN,compound,xxxx,True,False
-,-,PUNCT,HYPH,punct,-,False,False
edge,edge,NOUN,NN,pobj,xxxx,True,False
at,at,ADP,IN,prep,xx,True,True
the,the,DET,DT,det,xxx,True,True
moment,moment,NOUN,NN,pobj,xxxx,True,False
.,.,PUNCT,.,punct,.,False,False
",",PUNCT,``,punct,",False,False

,
,SPACE,_SP,dep,
,False,False
Without,without,ADP,IN,prep,Xxxxx,True,True
a,a,DET,DT,det,x,True,True
targeted,target,VERB,VBN,amod,xxxx,True,False
approach,approach,NOUN,NN,pobj,xxxx,True,False
,,,,PUNCT,,,punct,,,False,False
Baker,Baker,PROPN,NNP,nsubj,Xxxxx,True,False
said,say,VERB,VBD,parataxis,xxxx,True,False
,,,,PUNCT,,,punct,,,False,False
Auckland,Auckland,PROPN,NNP,nsubj,Xxxxx,True,False
could,could,AUX,MD,aux,xxxx,True,True
be,be,AUX,VB,aux,xx,True,True
hovering,hover,VERB,VBG,ROOT,xxxx,True,False
between,between,ADP,IN,prep,xxxx,True,True
level,level,NOUN,NN,pobj,xxxx,True,False
2,2,NUM,CD,nummod,d,False,False
and,and,CCONJ,CC,cc,xxx,True,True
level,level,NOUN,NN,conj,xxxx,True,False
3,3,NUM,CD,nummod,d,False,False
for,for,ADP,IN,prep,xxx,True,True
some,some,DET,DT,det,xxxx,True,True
time,time,NOUN,NN,pobj,xxxx,True,False
.,.,PUNCT,.,punct,.,False,False

,
,SPACE,_SP,dep,
,False,False
Act,Act,PROPN,NNP,compound,Xxx,True,False
leader,leader,NOUN,NN,compound,xxxx,True,False
David,David,PROPN,NNP,compound,Xxxxx,True,False
Seymour,Seymour,PROPN,NNP,nsubj,Xxxxx,True,False
criticised,criticise,VERB,VBD,ROOT,xxxx,True,False
the,the,DET,DT,det,xxx,True,True
length,length,NOUN,NN,dobj,xxxx,True,False
of,of,ADP,IN,prep,xx,True,True
time,time,NOUN,NN,pobj,xxxx,True,False
it,it,PRON,PRP,nsubj,xx,True,True
has,have,AUX,VBZ,aux,xxx,True,True
taken,take,VERB,VBN,relcl,xxxx,True,False
to,to,ADP,IN,prep,xx,True,True
trial,trial,NOUN,NN,compound,xxxx,True,False
self,self,NOUN,NN,compound,xxxx,True,False
-,-,PUNCT,HYPH,punct,-,False,False
isolation,isolation,NOUN,NN,pobj,xxxx,True,False
,,,,PUNCT,,,punct,,,False,False
saying,say,VERB,VBG,advcl,xxxx,True,False
nothing,nothing,PRON,NN,nsubj,xxxx,True,True
has,have,AUX,VBZ,aux,xxx,True,True
changed,change,VERB,VBN,ccomp,xxxx,True,False
in,in,ADP,IN,prep,xx,True,True
the,the,DET,DT,det,xxx,True,True,the
past,past,ADJ,JJ,amod,xxxx,True,False,past
six,six,NUM,CD,nummod,xxx,True,True,six
months,month,NOUN,NNS,pobj,xxxx,True,False,months
and,and,CCONJ,CC,cc,xxx,True,True
the,the,DET,DT,det,xxx,True,True
Government,Government,PROPN,NNP,nsubjpass,Xxxxx,True,False
was,be,AUX,VBD,aux,xxx,True,True
being,be,AUX,VBG,auxpass,xxxx,True,True
driven,drive,VERB,VBN,conj,xxxx,True,False
by,by,ADP,IN,agent,xx,True,True
public,public,ADJ,JJ,amod,xxxx,True,False
opinion,opinion,NOUN,NN,compound,xxxx,True,False
research,research,NOUN,NN,pobj,xxxx,True,False
instead,instead,ADV,RB,advmod,xxxx,True,False
of,of,ADP,IN,cc,xx,True,True
science,science,NOUN,NN,pobj,xxxx,True,False
.,.,PUNCT,.,punct,.,False,False

,
,SPACE,_SP,dep,
,False,False
",",PUNCT,``,punct,",False,False
We,we,PRON,PRP,nsubj,Xx,True,True
should,should,AUX,MD,aux,xxxx,True,True
be,be,AUX,VB,ROOT,xx,True,True
up,up,ADV,RB,advmod,xx,True,True
to,to,ADP,IN,prep,xx,True,True
thousands,thousand,NOUN,NNS,pobj,xxxx,True,False
of,of,ADP,IN,prep,xx,True,True
travellers,traveller,NOUN,NNS,pobj,xxxx,True,False
per,per,ADP,IN,prep,xxx,True,True
week,week,NOUN,NN,pobj,xxxx,True,False
on,on,ADP,IN,prep,xx,True,True
a,a,DET,DT,det,x,True,True
self,self,NOUN,NN,compound,xxxx,True,False
-,-,PUNCT,HYPH,punct,-,False,False
isolation,isolation,NOUN,NN,compound,xxxx,True,False
scheme,scheme,NOUN,NN,pobj,xxxx,True,False
like,like,ADP,IN,prep,xxxx,True,False
this,this,PRON,DT,pobj,xxxx,True,True
.,.,PUNCT,.,punct,.,False,False
The,the,DET,DT,det,Xxx,True,True
whole,whole,NOUN,NN,nsubj,xxxx,True,True
of,of,ADP,IN,prep,xx,True,True
Auckland,Auckland,PROPN,NNP,pobj,Xxxxx,True,False
has,have,AUX,VBZ,aux,xxx,True,True
been,be,AUX,VBN,ROOT,xxxx,True,True
self,self,NOUN,NN,npadvmod,xxxx,True,False
-,-,PUNCT,HYPH,punct,-,False,False
isolating,isolate,VERB,VBG,acomp,xxxx,True,False
for,for,ADP,IN,prep,xxx,True,True
the,the,DET,DT,det,xxx,True,True,the
past,past,ADJ,JJ,amod,xxxx,True,False,past
seven,seven,NUM,CD,nummod,xxxx,True,False,seven
weeks,week,NOUN,NNS,pobj,xxxx,True,False,weeks
.,.,PUNCT,.,punct,.,False,False
Announcing,announce,VERB,VBG,csubj,Xxxxx,True,False
150,150,NUM,CD,nummod,ddd,False,False
travellers,traveller,NOUN,NNS,dobj,xxxx,True,False
will,will,AUX,MD,aux,xxxx,True,True
self,self,NOUN,NN,compound,xxxx,True,False
-,-,PUNCT,HYPH,punct,-,False,False
isolate,isolate,NOUN,NN,nsubj,xxxx,True,False
after,after,ADP,IN,prep,xxxx,True,True
travelling,travel,VERB,VBG,pcomp,xxxx,True,False
is,be,AUX,VBZ,ROOT,xx,True,True
hardly,hardly,ADV,RB,advmod,xxxx,True,False
news,news,NOUN,NN,acomp,xxxx,True,False
to,to,ADP,IN,prep,xx,True,True
them,they,PRON,PRP,pobj,xxxx,True,True
.,.,PUNCT,.,punct,.,False,False

,
,SPACE,_SP,dep,
,False,False
",",PUNCT,``,punct,",False,False
A,a,DET,DT,det,X,True,True
business,business,NOUN,NN,compound,xxxx,True,False
travel,travel,NOUN,NN,compound,xxxx,True,False
network,network,NOUN,NN,nsubjpass,xxxx,True,False
was,be,AUX,VBD,auxpass,xxx,True,True
first,first,ADV,RB,advmod,xxxx,True,True
proposed,propose,VERB,VBN,ROOT,xxxx,True,False
by,by,ADP,IN,agent,xx,True,True
Act,Act,PROPN,NNP,pobj,Xxx,True,False
in,in,ADP,IN,prep,xx,True,True
March,March,PROPN,NNP,pobj,Xxxxx,True,False,2024-03-01 TO 2024-03-31
as,as,ADP,IN,prep,xx,True,True
part,part,NOUN,NN,pobj,xxxx,True,True
of,of,ADP,IN,prep,xx,True,True
our,our,PRON,PRP$,poss,xxx,True,True
Covid,Covid,PROPN,NNP,nmod,Xxxxx,True,False
2.0,2.0,NUM,CD,nummod,d.d,False,False
paper,paper,NOUN,NN,pobj,xxxx,True,False
when,when,SCONJ,WRB,advmod,xxxx,True,True
we,we,PRON,PRP,nsubj,xx,True,True
said,say,VERB,VBD,advcl,xxxx,True,False
,,,,PUNCT,,,punct,,,False,False
',',PUNCT,``,punct,',False,False
The,the,DET,DT,det,Xxx,True,True
Business,Business,PROPN,NNP,compound,Xxxxx,True,False
Travel,Travel,PROPN,NNP,compound,Xxxxx,True,False
Network,Network,PROPN,NNP,nsubj,Xxxxx,True,False
would,would,AUX,MD,aux,xxxx,True,True
establish,establish,VERB,VB,ccomp,xxxx,True,False
special,special,ADJ,JJ,amod,xxxx,True,False
requirements,requirement,NOUN,NNS,dobj,xxxx,True,False
for,for,ADP,IN,prep,xxx,True,True
business,business,NOUN,NN,compound,xxxx,True,False
travellers,traveller,NOUN,NNS,pobj,xxxx,True,False
to,to,PART,TO,aux,xx,True,True
come,come,VERB,VB,advcl,xxxx,True,False
here,here,ADV,RB,advmod,xxxx,True,True
while,while,SCONJ,IN,mark,xxxx,True,True
safely,safely,ADV,RB,advmod,xxxx,True,False
managing,manage,VERB,VBG,advcl,xxxx,True,False
the,the,DET,DT,det,xxx,True,True
risk,risk,NOUN,NN,dobj,xxxx,True,False
of,of,ADP,IN,prep,xx,True,True
Covid-19,Covid-19,PROPN,NNP,pobj,Xxxxx-dd,False,False
.,.,PUNCT,.,punct,.,False,False
',',PUNCT,'',punct,',False,False
",",PUNCT,``,punct,",False,False

,
,SPACE,_SP,dep,
,False,False
He,he,PRON,PRP,nsubj,Xx,True,True
said,say,VERB,VBD,ROOT,xxxx,True,False
Act,Act,PROPN,NNP,poss,Xxx,True,False
's,'s,PART,POS,case,'x,False,True
policy,policy,NOUN,NN,nsubj,xxxx,True,False
also,also,ADV,RB,advmod,xxxx,True,True
had,have,VERB,VBD,ccomp,xxx,True,True
a,a,DET,DT,det,x,True,True
traffic,traffic,NOUN,NN,compound,xxxx,True,False
light,light,NOUN,NN,compound,xxxx,True,False
system,system,NOUN,NN,dobj,xxxx,True,False
and,and,CCONJ,CC,cc,xxx,True,True
special,special,ADJ,JJ,amod,xxxx,True,False
testing,testing,NOUN,NN,compound,xxxx,True,False
requirements,requirement,NOUN,NNS,conj,xxxx,True,False
.,.,PUNCT,.,punct,.,False,False

,
,SPACE,_SP,dep,
,False,False
Meanwhile,meanwhile,ADV,RB,advmod,Xxxxx,True,True
,,,,PUNCT,,,punct,,,False,False
the,the,DET,DT,det,xxx,True,True
plan,plan,NOUN,NN,nsubj,xxxx,True,False
to,to,PART,TO,aux,xx,True,True
reopen,reopen,VERB,VB,acl,xxxx,True,False
quarantine,quarantine,NOUN,NN,npadvmod,xxxx,True,False
-,-,PUNCT,HYPH,punct,-,False,False
free,free,ADJ,JJ,amod,xxxx,True,False
travel,travel,NOUN,NN,dobj,xxxx,True,False
for,for,ADP,IN,prep,xxx,True,True
RSE,RSE,PROPN,NNP,compound,XXX,True,False
workers,worker,NOUN,NNS,pobj,xxxx,True,False
from,from,ADP,IN,prep,xxxx,True,True
the,the,DET,DT,det,xxx,True,True
Pacific,Pacific,PROPN,NNP,pobj,Xxxxx,True,False
will,will,AUX,MD,aux,xxxx,True,True
start,start,VERB,VB,ccomp,xxxx,True,False
again,again,ADV,RB,advmod,xxxx,True,True
with,with,ADP,IN,prep,xxxx,True,True
Vanuatu,Vanuatu,PROPN,NNP,pobj,Xxxxx,True,False
from,from,ADP,IN,prep,xxxx,True,True
early,early,ADJ,JJ,amod,xxxx,True,False,early
October,October,PROPN,NNP,pobj,Xxxxx,True,False,2024-10-01 TO 2024-10-31
,,,,PUNCT,,,punct,,,False,False
Ardern,Ardern,PROPN,NNP,nsubj,Xxxxx,True,False
said,say,VERB,VBD,ROOT,xxxx,True,False
.,.,PUNCT,.,punct,.,False,False

,
,SPACE,_SP,dep,
,False,False
All,all,DET,PDT,predet,Xxx,True,True
those,those,PRON,DT,nsubj,xxxx,True,True
taking,take,VERB,VBG,acl,xxxx,True,False
part,part,NOUN,NN,dobj,xxxx,True,True
from,from,ADP,IN,prep,xxxx,True,True
Vanuatu,Vanuatu,PROPN,NNP,pobj,Xxxxx,True,False
,,,,PUNCT,,,punct,,,False,False
Samoa,Samoa,PROPN,NNP,conj,Xxxxx,True,False
and,and,CCONJ,CC,cc,xxx,True,True
Tonga,Tonga,PROPN,NNP,conj,Xxxxx,True,False
would,would,AUX,MD,aux,xxxx,True,True
need,need,VERB,VB,ROOT,xxxx,True,False
at,at,ADP,IN,advmod,xx,True,True
least,least,ADV,RBS,advmod,xxxx,True,True
one,one,NUM,CD,nummod,xxx,True,True
vaccine,vaccine,NOUN,NN,nsubj,xxxx,True,False
dose,dose,NOUN,NN,ccomp,xxxx,True,False
.,.,PUNCT,.,punct,.,False,False

,
,SPACE,_SP,dep,
,False,False
Ardern,Ardern,PROPN,NNP,nsubj,Xxxxx,True,False
said,say,VERB,VBD,ROOT,xxxx,True,False
it,it,PRON,PRP,nsubj,xx,True,True
allowed,allow,VERB,VBD,ccomp,xxxx,True,False
a,a,DET,DT,det,x,True,True
trial,trial,NOUN,NN,dobj,xxxx,True,False
of,of,ADP,IN,prep,xx,True,True
a,a,DET,DT,det,x,True,True
",",PUNCT,``,punct,",False,False
pseudo,pseudo,NOUN,NN,nmod,xxxx,True,False
",",PUNCT,'',punct,",False,False
form,form,NOUN,NN,pobj,xxxx,True,False
of,of,ADP,IN,prep,xx,True,True
shortened,shorten,VERB,VBN,amod,xxxx,True,False
isolation,isolation,NOUN,NN,pobj,xxxx,True,False
for,for,ADP,IN,prep,xxx,True,True
some,some,DET,DT,det,xxxx,True,True
travellers,traveller,NOUN,NNS,pobj,xxxx,True,False
.,.,PUNCT,.,punct,.,False,False

,
,SPACE,_SP,dep,
,False,False
RSE,RSE,PROPN,NNP,compound,XXX,True,False
workers,worker,NOUN,NNS,nsubj,xxxx,True,False
will,will,AUX,MD,aux,xxxx,True,True
also,also,ADV,RB,advmod,xxxx,True,True
have,have,VERB,VB,ROOT,xxxx,True,True
to,to,PART,TO,aux,xx,True,True
isolate,isolate,VERB,VB,xcomp,xxxx,True,False
for,for,ADP,IN,prep,xxx,True,True
seven,seven,NUM,CD,nummod,xxxx,True,False,seven
days,day,NOUN,NNS,pobj,xxxx,True,False,days
on,on,ADP,IN,prep,xx,True,True
arrival,arrival,NOUN,NN,pobj,xxxx,True,False
,,,,PUNCT,,,punct,,,False,False
but,but,CCONJ,CC,cc,xxx,True,True
this,this,PRON,DT,nsubj,xxxx,True,True
does,do,AUX,VBZ,aux,xxxx,True,True
not,not,PART,RB,neg,xxx,True,True
need,need,VERB,VB,conj,xxxx,True,False
to,to,PART,TO,aux,xx,True,True
be,be,AUX,VB,auxpass,xx,True,True
done,do,VERB,VBN,xcomp,xxxx,True,True
at,at,ADP,IN,prep,xx,True,True
an,an,DET,DT,det,xx,True,True
MIQ,MIQ,PROPN,NNP,compound,XXX,True,False
facility,facility,NOUN,NN,pobj,xxxx,True,False
.,.,PUNCT,.,punct,.,False,False
